"","99deb3c5ecb022ec05609ebd1112a557","b15193fce14759d1c06728933e044af6","9d5054752ed33d6a22bd0f96b5618b1c","7b28c20e72c6c95b3e604f0849245770","742e1f191223f58590661de80b9d6e3b","333bbf9224442fc10cd497377d2b1d01","3b010dbd9eae72a79f11af5d24eb3ca3","836cd5ea357ad392c00a7e48d921be1d","00a96fbd0ac34bfd245f9c24f8737f7d","d76d59ec71de0e3b22da0c9cd564d41a","b7e5e417da183df1d5cb33a51a10991d","9e3226efaf559eb14a478f880462cb8a","7eb7e0a0f11063aedff53f4b38a31b59","f479c23321346918723839e33a3544f4","f09b6ee752454bc944448e79c63d441d","bf611493002f5918a68778bde2def567","08bd43071a06abf56df235fca6655bea","5f8d35126b0a7321413d21487ec72b73","d114fb4c335125128be28401522dd41a","27f098662c8f87b4aaff903d9c0f28d3","3955270229e2e147050222701726b606","05dbbf0301a9625e1f1a41470a92f7fe","e4ef1c7b616eb842c0ff7a327e83bd76","dbcdaca3ee9e9fe75d8829e87b8551dc","5a6c87d6a4eb5e114959f6192f29b641","b0e56c25ca193e27096e8fb4eb560eee","824b9c5e131ccef5ab3286cfde31640c","c67445ed68d61f49e41b7bdd1de019fb","15cfeb62055743aacb7f78e9aa86accd","47f770032218f91b352999ff1f663807","9908fffab7ed4f3bec44cda2f5084d49","1b8dec58597978264025b9eba656ffb5","9d88acce7b2f13b58bf95d2f17ec8c2f","4a9d619121f60f22b17fd67136eca047","d46e2205f0c6ecf67b51f83d111c509c","76b39e86c95e0c7dd8b9c57b974f6532","f5f5e0da89730462abaf6301a9557193","da8644094f1d480f3b3a6a03a7027ab4","8d1761da3df16fe43e34eea0112ba8fd","782a79a0725adc6ac22fc1fd15933a12","8e2daae0f076acb2d186378cb883210a","d8e7f9181e4d5a4a6453e9ca9996a43f","67a0fb4656443a145f3e8068e761faef","9639a3291729a3758207b47715d9205f","67e8859e108281ee7971084bfa759522","099e18bb9f8673a2b9d8f2c6ba63037c","412b0b2c43975195a230e493a7a2b763","acf09e78b337fd51b09606fabf09493e","77c2dc197e6b3dbebc4ee240c6a1c559","bea2245c01baedd6d4a6d6e4e857f9f6","5fbc483f79cd97d3a7253931f37c33e8","be113850f984a95296ddceeb1a1d09df","360b8779251bfde96f1165e5202f83d6","5df1c5c06a1966d13b17f1f5df672777","61535a40adb8221483821e3984d0b1ac","8e57504dc983371fdfda46354894a84d","8e175abe6a746b8f33bae9cd7c8192bb","878fc53ff6f6333a92673b700951fa1b","fd44d4cb468fd7dc9b3227867714ed87","2724c03777afbe627457f813998c91c4","332a6411ff00b4010ac2397f504c4695","c6c3ab4e828fb40d6e05967b7aac9338","eeb139783378b765b72719ce6098b7ce","e889880b1157bebf05922692774ac7bb","b621d4b3cca1ec89ceca12efca8a94fb","cf0e29b1acfd7c9cc92b326cbfc88908","756e9c33696716a5484135c832f18f12","d00a358047dbcb9ce8d036d8f18962a7","d71feb1923fa288790187009e8efa6d3","d49783e7800974b5f2bcce554e26072e","fbd67349783ebeacc69814257b694d56","a95c69e93b36c03971e1649191165142","8343cf4c26bb977e05e4d9c5125441ef","8795c5a86013864dc11f24b89e8cdd8c","5c32fb63928c658fd75ec55e0911f919","7eac17dba253d45b7426ebc866487e31","6326f3883ecfa02452ebaa3af9c5d84c","605cc047d6200f294e043f8ce6cb5af7","4102c0c9284b080a36ae312a7b497915","773d5b8dad00664fae14be58062596b7","5149bdbf03de13bb38557d48d5141b87","582a3efc9340062391d511f309dbb35b","58bd181f757283f5a4ceebdf90ff6243","a663a01aeb4dbb88bbe0a9840e8f64dc","2e4f2b53b856c4def6d021d01f5abb70","b5e0a6477e69e223d49eedc2c7c1b138","de68af3f62b2b04e42f894e18839bb57","6b5c5532185593c41966b2173ea9df1c","f98dab4619ff896a9cee45a9b9ddc792","c84d13308b8608a006759b82fcb5e4ac","70745fa69950bfb64db28e3afff2b1e5","04ca162b3dd2dc7f483ab3503bc605c3","436a815753554d70443fef90dc861710","5e3856a6c2426a4e3a75e77a223333e5","a01206f0b17de33744bdac813c3c6eca","ad139328ba8ac39c2e5ccef543df2deb","547ed9d63f007845c48db64ef3e5aab6","bed671b4676144142cebd192b690f499","0545208475631581b404f77c00d5b7f9","fbd47bcedad25f5e19bae8d82a8ccc45","da1d26d90a7443d34675778207d2c227","4533bf5ce3fb980fcb1a62e29b3b304b","37016b5da4cd8bc8dfed10d3ece1e01d","bc6a59a66d65219dc321649375b9be2e","8646bffa210e3f061cc57f1b1cf2f751","675c847bccbc53942ebb7b8cbb4efc4d","e1f30b1b47f80404147cdeb7df90687b","10d22a5b7973f88cbd71cac79cb7b92b","859576da50cf3142bbd269f87b2545c1","cc310148d41118668670367fc570ab7b","f8d0d5caceea62f4be2477d29163f163","0f7b183901acd60418685b4fe37472c7","8d5153b41e59c5ffb5a1fc080eb784cf","35cbb315e019e0a8768d4b73862df415","ee6f1ad3007b7380824da57876e6c8c3","8538d07b8c1e8676f9b9c8c242aab14a","5edad5fe169fa3d414d60cf1f00af012","a730ef0685ea600be854be1842a6b362","32c99ead10486b0b4c3cfc79c646c7e7","0a68ec564e278b0246c920ad7de41880","4fba6fef450158c1bd1cbcb5a0e8f5e5","506efac48dc5d5be2c0122c381639a3f","51ea85f428a5daaaf348c94671af386e","26fd47ccdf6e43b0ced99c820140b86c","149465e40c1bdbc6230588a58a4d6eb0","bd5ef8f372e09bcf6ec35825be4f053c","ab91da3196edced9017dcd7faab68cfd","d900eb33f6b4bc449aab64df16ae18b2","c48070f3061b086b60ff32f77e0002fa","55e8fd9e2a3868ef69575fcb459fc7c5","6e57b32b545e72b802822e1554c70868","654bd3a0f2b6e57d15a2b223ea328d43","7a3090aa682623800304aca0da51c22c","c24e0e391aa836b5eae25567c7eb89ee","794c48d1c110499dbd6338457f2ed417","b8041ad15220306186360a69682fdd33","2d591aa40f28f8952d22863270016317","2489471b3729e885a2c1ddaa10774d8e","0b23a9d70f3b82bf32e37faebf175975","3f9afe17105dd0c33bf41ce08824f362","efa231614a5eb97a385a5cae7b440348","d6aca1ce3a8896b5a4ac550a4108ddd9","f005c8c557afa9e8ed92a77753fc6770","e34528ad14c087b5097669c01925644b","18765e2fa0cb8e8ca820d746a3a4f12b","c54ecd701d322d197b9000b235740969","452e8489334d0ba0cf7eeccea28f1364","f4cc6e4932f507b33d1335d801f54563","671f56cb9e843dbbacd5e8646ae48b4a","fa3d2114cfb8f1e6185bb490a3548733","629f41c0de31ba20f5d2b3f4c69e09c1","6f980c6f3f2ffefd2013c721461cc1c6","65990c74559e4adfaa672a884ad7d464","d11290f5a8d806b455f66a2c7ca1cad1","24cccadb274fef1f88113e8f019e2a63","8be9dac75adfd36649c004c8b72de91d","6afbda63b0750231cd586b402d745cd8","2c3ed27dcaae74227ccb28577447f3f4","d56fd4c21346f6d694c7e638f6bdcb70","504efe2f63f610a0f92e8cd040e2f916","64171591970510b1ec87e97b71b6c1a5","d515ae0a0b58aa13869a5966a80c98a9","d2c11050eefbc04d86fe53803f311827","9b6acfb0708fe91f75081d6801659932","6d2f0a10e36d7589233162bd8770c228","33deb57a51743c338407d5c7e9b6f5fd","8ca0b9917d926bb6241ce6e23673fce4","945184b6386c192c0066e0a98a154780","889f033ba9c5bb9a721a2c7c84816ca6","805c0959b90cd47bb52d9f6571c5fb6a","6ba98911efd5b1fa1cbba9f869562cce","1a7a9d14747af9f14fcdabdef2549a77","69a11f927915e2a3ba1f7b9c84486527","cb7c9a82654d3ef267e1738cb0fe5569","4912cd4c1f9a773f88a73c258c25c825","ea00763b3eff28e6e109d14cb2cff8d5","61d5a39133848c5eb8d89a9dfb8f18ea","a63f65ad0f7a1ffc9e5ea828e95cdd6b","08d070e95350c4b1dcc905e734f59bf1","3b4cabf8962f05db11ca9e79fa492351","d1a75593a480570277f05ec729b865de","a248d70e41d75f4773ef7c94e831a21a","33762f188eb5f7c4edb64ec15a01f6f0","a1f4181dee4857eb9c37b1be03b3cbea","3411caa9f175f114c8f2539511e85682","748c5f14c648b743ad9e4b5ebfd761ff","63bf1cd73165d97f3190397fb2cef8b9","50c2e92f3b001c0f07a654b597605f95","97a604f0b7677461325e10432ce78290","b204a17b1a7f29074d81303d5ca68464","fb9b2e01165b968ed6df9c0f16231ebf","6d4fe16838ce84397bd418e10a2616d0","b5c5a71372eea1709c1bff19a2f24272","9f5eea39efd98c99eef7c1a14de416a2","6d914a702d3c71527cfb3484a6317810","1d49df56b83a383d8b998af9d148f52c","d76689ee901c3b8219aedbe9508f46ed","69310a7cff9f6b902cdfd08243784ace","ff376ce6067337dd934fdebe0a3cf2eb","1a78539b37f0546f2a1643da51ce7636","a07dbd6b81597b810de81ac0ad6caf26","fee421dd182111e1d718ac10decab1e9","52573485a4521e007e4c5217fc5d7c68","a333ee090a52b582e1a0e2dd776eb937","0e2573348777e55615736ca01785b7b4","a72bc4bbcb65e31aac628de5b9a9b0af","a6d3beca765c1e2453b658614facf89f","5e581b06024ab980e25ee550e0b97247","420f96256387d77de17ec28d160bb147","7c3d7711fd15460714ece118b35c0576","d4454a4ebd63a8e375dadd2632588f59","a18c0c17fce3d52dc60506e8730bc996","7261cbb86534c4057d6fe54bc4232846","3120660c883750285d85c12f7d898f67","4d334598e144b1d31c0b92a301b5cc68","d23bbe506e4ded19e9dd017b65275bab","2a8aea91e4fcf825e2983d6f8e66436d","ab1e4aeddde9eb4e80144c135051d941","7522d19b6cd971311b76b4c2345ffa71","ef1243f7818d1e35c1e968e8539173cf","1eaa3cb7baaac3220b0606e3621afd16","0aefb8063eaab894e5c4aa6ed1ece00c","3ca67f6b4d1581754c805ed5cc9d9093","c3f21101b8845fd1c974cb14578fb119","c01a639562ba5a6915144b57bbb174f9","f94b14e11dfe405e48976839ca380380","1a9df3fbbc7fc8cecec4239cf801d2fc","59fde92361d7af5a12b89009cc1665c3","6d23b1a911e94074b127424a8fb2d5ad","9d583502f595e3a521989b645d50e327","82ce7d6661100567e07fb6a2f2b5159e","3dbcafdc23cc47523d7200d7bd4cccab","bff072be6820bb768214374ffe47a137","60614520ce7378162013d9e6054a37ef","3a4a246cdaf2ee7e109536faef354a46","93eeda5f66219d13caae77ea84f66a15","9e18b43f389956ba5ac3ddf810f39cb6","596db8ce20ae5cbfdc338a62f1bed1d9","fc64ee80d1949441d9b05760efc8618d","de1e58dc4b4839c49dc701d8d7592a93","21401b105dc53b367b8fdc0ec97a9f02","b07af5f863fb0c1c6672a4b4980faa2d","71c741557b65664b0cb572fce880dce2","4a4230232fbfa3b8cfd2cae77dc6feac","ac603e12c4b975609374395b148a0a79","36c3c3e931ebb36c143c46739b848668","7b25fe2a8e4d57a05ef403d1d0e831e2","8c8a105de3169d2d55fcb9cfc2f52cf9","504b29d7282c288d06f7f26759d3fac9","42764707c5f0400036ee8777610a35c1","03b10adc566e93d23372c71edcf48b34","acad20cba7e5605d347ce9d6c0f58a34","a7e28b3f4879359a929a0da8c8557757","8df31d859e0a5446b30ca0cd81ce907f","ad71b192343facecd54843bccb0470da","c75b645c7673bfba5d403aefe379c885","4cdc5b820b31c7b2c0720f917d9cd3f7"
"147-6",4355,732,3884,0,1379,0,7512,1210,0,0,695,0,39,2611,0,0,35,341,839,0,114,97,0,0,0,682,2153,311,0,144,20,0,0,0,168,0,0,253,518,0,252,151,0,0,368,0,0,751,43,410,208,0,0,0,0,0,0,0,0,543,0,0,0,348,0,0,24,0,0,286,0,284,378,0,0,0,102,90,0,0,0,0,292,119,0,0,0,64,22,295,50,0,0,291,0,0,33,0,0,0,23,0,0,0,81,0,208,0,456,0,0,0,127,0,0,9,162,0,168,0,0,0,0,0,38,0,0,0,0,0,0,0,0,10,0,95,0,46,0,0,18,0,95,0,0,0,0,0,0,0,21,17,0,0,30,0,0,43,43,0,0,6,0,24,0,0,0,4,26,0,342,0,0,246,16,11,0,0,0,0,0,0,0,0,43,0,0,0,16,0,0,0,22,0,0,0,0,0,12,15,8,0,5,14,32,11,0,0,0,0,16,0,0,0,0,0,7,0,0,0,0,0,0,4,23,14,0,0,0,0,101,14,8,6,0,18,5,0,4,0,0,0,10,0,0,0,0,0,0,0,0,0,0,0,7,0,0
"147-7",8870,1629,5300,0,2738,0,8804,1676,0,0,1051,0,58,4190,0,0,17,719,1092,0,219,186,0,0,0,1301,3475,499,0,216,10,0,0,0,222,0,0,324,1267,0,380,89,0,0,646,0,0,1405,96,589,495,0,0,0,0,0,0,0,0,1074,0,0,0,417,0,0,39,0,0,395,0,490,466,0,0,0,138,146,0,0,0,56,34,230,0,0,0,82,0,395,66,0,0,282,0,0,37,0,0,0,31,0,0,0,224,0,193,0,736,0,0,0,200,0,0,0,335,0,224,0,0,0,0,0,47,0,0,0,0,0,0,0,0,19,51,175,0,79,0,16,7,0,142,0,0,0,0,0,0,0,23,31,0,0,86,0,0,55,107,0,0,0,0,9,0,0,0,0,44,0,248,0,0,188,23,19,0,0,0,0,0,15,0,0,48,0,0,0,46,0,0,21,49,0,0,0,0,0,22,31,0,0,13,38,36,11,0,0,0,8,23,0,0,0,0,0,28,0,0,0,0,0,28,7,41,9,0,0,0,0,0,26,0,7,0,41,13,0,8,0,0,0,18,0,0,0,0,10,0,0,0,0,0,0,9,0,4
"147-8",8843,435,5466,0,2650,0,7838,2215,0,0,1222,0,184,4333,0,0,65,844,1057,0,278,138,0,0,0,950,3547,548,0,150,23,0,0,0,223,9,0,459,793,0,407,143,52,0,722,45,0,1547,73,661,531,0,0,0,0,0,0,0,0,1291,0,0,0,670,0,0,20,0,0,568,0,635,422,0,0,0,119,85,0,23,0,336,43,283,0,0,0,91,27,474,74,0,0,380,0,0,53,0,0,0,32,0,0,0,202,0,300,0,660,0,0,0,201,0,0,50,513,0,307,0,0,0,0,0,71,0,0,0,0,0,0,0,0,23,55,184,0,70,0,11,29,0,184,0,0,0,0,0,0,0,44,40,0,0,68,0,0,57,81,0,0,5,0,25,0,0,0,0,43,0,205,0,0,183,0,18,0,0,0,0,0,14,0,0,0,0,0,0,27,0,0,31,57,0,0,0,0,0,17,27,0,0,10,20,52,11,0,0,0,13,22,0,0,0,0,0,17,0,0,0,0,0,16,14,26,9,0,0,0,0,0,40,8,12,0,27,10,0,9,0,0,0,23,0,0,0,0,10,0,0,0,0,0,0,0,0,7
"147-32",16002,1493,6565,0,3788,0,11256,2415,0,0,1206,0,258,4587,0,0,141,1309,2133,0,223,148,0,0,0,1581,4231,550,0,474,0,0,0,0,205,0,0,582,1734,0,573,177,59,0,811,61,0,2445,140,852,552,0,0,0,0,0,0,0,0,2106,0,0,0,1231,0,0,66,0,0,996,0,978,665,0,0,0,350,207,0,0,0,112,8,392,0,0,0,202,32,644,171,0,0,402,0,0,74,0,0,0,83,0,0,0,250,0,323,0,700,0,0,0,345,0,0,140,626,0,413,0,0,0,0,0,83,0,160,0,0,0,0,0,3,30,0,230,0,251,0,49,47,0,228,0,0,0,0,0,0,0,161,44,0,0,117,0,0,126,100,0,0,6,0,32,0,0,0,9,58,0,0,0,0,99,25,11,0,0,27,0,0,206,0,233,41,0,0,0,21,0,0,46,50,0,0,0,0,0,15,29,0,0,14,38,68,0,0,0,0,19,45,0,0,0,0,0,23,0,28,4,0,0,30,18,64,24,0,0,0,0,0,40,22,31,0,21,7,0,7,0,0,0,25,0,0,0,11,7,0,0,0,0,0,0,0,2,0
"147-33",9396,181,3694,0,1729,0,9603,1711,0,0,778,0,71,2533,0,0,20,577,1237,0,91,92,0,0,0,912,3030,479,0,196,0,0,0,0,107,0,0,363,568,0,225,179,0,0,354,0,0,1090,65,412,329,0,0,0,0,0,0,0,0,1147,0,0,0,492,0,0,19,0,0,509,0,381,466,0,0,0,161,133,0,0,0,58,0,117,0,0,0,115,15,417,56,0,0,182,0,0,47,0,0,0,17,0,0,0,135,0,137,0,444,0,0,0,159,0,0,0,244,0,262,0,0,0,0,0,36,0,57,0,0,0,0,0,0,14,0,85,0,90,0,19,15,0,154,0,0,0,0,0,0,0,71,15,0,0,56,0,0,46,64,0,0,7,0,29,0,0,0,7,32,0,0,0,0,76,0,5,0,0,8,0,0,98,0,96,31,0,0,0,28,0,0,0,45,0,0,0,0,0,7,18,0,0,4,41,27,9,0,0,0,10,24,0,0,0,0,0,9,0,38,0,0,0,12,21,23,16,0,0,0,0,0,40,6,15,0,3,7,0,0,0,0,0,17,0,0,0,0,0,0,0,0,0,0,0,0,0,0
"147-34",11218,1560,4666,0,3107,0,7267,2487,0,0,1117,0,289,4845,0,0,201,772,1479,0,228,105,0,0,0,1059,3572,528,0,220,0,0,0,0,184,0,0,314,1466,0,498,393,69,0,573,73,0,1313,64,869,569,0,0,0,0,0,0,0,0,1809,0,0,0,555,0,0,63,0,0,638,0,734,808,0,0,0,70,184,0,0,0,119,0,295,0,0,0,135,0,463,130,0,0,296,0,0,43,0,0,0,63,0,0,0,244,0,216,0,449,0,0,0,274,0,0,206,562,0,239,0,0,0,0,0,61,0,59,0,0,0,0,0,6,7,0,151,0,200,0,20,47,0,139,0,0,0,0,0,0,0,127,25,0,3,175,0,0,98,87,0,0,3,0,56,0,0,0,10,42,0,0,0,0,89,0,18,0,0,6,0,0,116,0,131,66,0,0,0,32,0,0,57,52,0,0,0,0,0,12,12,0,0,8,18,34,10,0,0,0,0,29,0,0,0,0,0,21,0,43,6,0,0,21,17,52,22,0,0,0,0,0,18,5,11,0,8,4,0,12,0,0,0,17,0,0,0,0,16,0,0,0,0,0,0,0,0,3
"147G",1427,28895,810,0,2369,0,2982,63,0,0,190,0,0,307,6083,1269,0,3173,615,0,0,179,0,0,0,0,28,292,0,3684,0,0,0,0,3129,1898,0,250,852,0,0,282,0,0,676,0,0,0,0,328,489,234,0,0,0,1320,0,0,0,0,0,0,0,338,0,0,121,0,0,18,0,0,94,0,0,0,1039,0,0,134,0,0,0,52,0,0,0,0,0,0,0,0,0,43,0,0,0,0,0,0,0,0,0,0,13,0,49,0,12,0,0,0,0,0,0,173,0,0,153,0,0,0,0,0,57,0,0,0,0,0,0,0,0,0,0,0,0,0,0,0,12,0,0,0,0,0,0,0,0,0,7,5,0,0,0,0,0,0,0,0,0,5,0,42,0,0,0,25,47,0,107,0,0,0,19,0,0,0,78,0,0,0,0,0,0,0,0,0,5,0,0,0,0,0,0,0,0,0,0,18,0,0,0,0,0,0,18,0,0,0,0,0,0,0,0,0,0,0,0,36,0,0,0,0,0,6,0,0,0,0,17,0,0,0,0,0,5,0,0,0,0,0,0,0,0,0,0,0,0,0,0,0,0,0,0,0,0
"147H",891,28274,0,0,1906,0,2675,408,0,0,156,0,0,179,8610,2287,0,2108,367,0,0,104,0,0,0,0,23,860,0,4020,0,0,0,0,917,3504,0,384,594,0,0,75,0,0,699,0,0,0,0,85,208,826,0,0,0,1766,0,0,0,0,0,0,0,191,0,0,0,0,0,0,0,0,107,0,0,0,1160,0,0,369,0,0,0,4,0,0,0,0,0,0,0,0,0,12,0,0,0,0,0,0,0,0,0,0,16,0,13,0,0,0,0,0,0,0,0,0,0,0,242,0,0,0,0,0,70,0,0,0,0,0,0,0,0,0,0,0,0,0,0,0,14,0,0,0,0,0,0,0,0,0,0,5,0,0,0,0,0,0,0,0,0,12,0,8,0,0,0,12,41,0,60,0,0,0,23,0,0,0,61,0,0,0,0,0,0,0,0,0,9,0,0,0,0,0,0,0,0,0,9,15,0,0,0,0,0,0,9,0,0,0,0,0,0,0,0,0,0,0,0,22,0,0,0,0,0,6,0,0,0,0,20,0,0,0,0,0,0,0,0,0,0,0,0,0,0,0,0,0,0,0,0,0,0,0,0,0,0
"147-22",1897,30836,467,0,2293,0,2798,148,0,0,169,0,0,283,11608,1461,0,4960,554,0,0,132,0,0,0,0,17,424,0,4289,0,0,0,0,1840,2120,0,408,891,0,146,212,0,0,761,0,0,0,0,274,347,367,0,0,0,2421,0,0,0,0,0,0,0,180,0,0,115,0,0,17,0,0,0,0,0,0,1222,0,0,164,0,0,0,46,0,0,0,0,0,0,172,0,0,46,614,0,0,0,0,0,0,0,0,0,18,0,30,0,7,0,0,0,0,0,0,174,0,0,232,0,0,0,0,0,65,0,143,0,0,0,0,0,0,0,0,0,0,0,0,0,23,0,0,0,0,0,0,0,0,0,7,28,0,65,0,0,0,0,0,0,0,20,0,24,0,0,0,7,51,0,0,0,0,0,43,0,0,0,73,0,0,0,0,0,0,0,0,0,4,0,0,0,0,0,0,0,0,0,0,13,30,0,0,0,0,0,10,0,0,0,0,0,0,0,0,0,0,0,0,26,0,0,0,4,0,8,0,0,0,0,0,0,0,0,0,0,0,0,0,0,0,0,0,0,0,0,0,0,0,0,12,0,0,0,0,0,0
"147-23",2099,34893,766,0,2348,0,3647,125,0,0,227,0,0,244,10388,1496,0,3598,515,0,0,88,0,0,0,0,26,392,0,3102,0,0,0,0,1537,2102,0,203,858,0,155,297,0,0,697,0,0,0,0,331,327,357,0,0,0,2150,0,0,0,0,0,0,0,93,0,0,115,0,0,0,0,0,186,0,0,0,801,0,0,212,0,0,0,52,0,0,0,0,0,0,180,0,0,28,528,0,0,0,0,0,0,0,0,0,21,0,12,0,0,0,0,0,6,0,0,190,0,0,94,0,0,0,0,0,83,0,112,0,0,0,0,0,0,0,0,0,0,0,0,0,34,0,0,0,0,0,0,0,0,0,3,26,0,40,0,0,0,0,0,0,0,12,0,36,0,0,0,11,63,0,0,0,0,0,23,0,0,0,70,0,0,0,0,0,0,0,0,0,11,0,0,0,0,0,0,0,0,0,13,14,29,0,0,0,0,0,9,0,0,13,0,0,0,0,0,0,0,0,0,31,0,0,0,0,0,8,0,0,0,0,25,0,0,0,0,0,4,0,0,0,0,0,0,0,0,0,0,0,0,0,15,0,0,0,0,0,0
"147-24",1901,29475,483,0,1432,0,5156,132,0,0,149,0,0,184,9747,1191,0,3408,486,0,0,109,0,0,0,0,30,217,0,2888,0,0,0,0,1623,1919,0,106,583,0,121,200,0,0,509,0,0,0,0,181,280,169,0,0,0,2125,0,0,0,0,0,0,0,146,0,0,75,0,0,9,0,0,140,0,0,0,852,0,0,69,0,0,0,42,0,0,0,0,0,0,184,0,0,22,392,0,0,0,0,0,0,0,0,0,0,0,14,0,0,0,0,0,0,0,0,96,0,0,57,0,0,0,0,0,37,0,87,0,0,0,0,0,0,0,0,0,0,0,0,0,40,0,0,0,0,0,0,0,0,0,5,15,0,29,0,0,0,0,0,0,0,13,0,16,0,0,0,4,36,0,0,0,0,0,32,0,0,0,52,0,0,0,0,0,0,0,0,0,9,0,0,0,0,0,0,0,0,0,7,8,34,0,0,3,0,0,4,0,0,23,0,0,0,0,0,0,0,0,0,15,0,0,0,0,0,4,0,0,0,0,0,0,0,0,0,0,0,0,0,0,0,0,0,0,0,0,0,0,0,0,10,0,0,0,0,0,0
"147-25",1111,14282,405,0,918,0,2697,60,0,0,98,0,0,121,4793,604,0,1396,283,0,0,51,0,0,0,0,12,105,0,1328,0,0,0,0,609,932,0,89,308,0,77,115,0,0,283,0,0,0,0,129,180,114,0,0,0,1071,0,0,0,0,0,0,0,81,0,0,59,0,0,0,0,0,0,0,0,0,418,0,0,70,0,0,0,19,0,0,0,0,0,0,95,0,0,34,317,0,0,0,0,0,0,0,0,0,0,0,14,0,0,0,0,0,8,0,0,71,0,0,47,0,0,0,0,0,20,0,62,0,0,0,0,0,0,0,0,0,0,0,0,0,9,0,0,0,0,0,0,0,0,0,5,11,0,23,0,0,0,0,0,0,0,4,0,15,0,0,0,13,26,0,0,0,0,0,25,0,0,0,25,0,0,0,0,0,0,0,0,0,0,0,0,0,0,0,0,0,0,0,8,6,29,0,0,0,0,0,5,0,0,0,0,0,0,0,0,0,0,0,0,0,0,0,0,0,0,5,0,0,0,0,19,0,0,0,0,0,0,0,0,0,0,0,0,0,0,0,0,0,0,0,0,0,0,0,0,0,0
"147-13",8343,58,1072,0,320,0,658,7459,0,0,16312,0,1917,404,0,1395,1138,81,113,0,7200,107,0,0,0,382,345,451,0,150,0,0,0,0,1485,105,0,55,87,0,127,411,496,0,0,429,0,469,128,222,162,0,0,0,0,0,0,0,0,23,0,0,0,124,0,0,0,0,0,79,0,79,48,0,0,0,130,27,0,0,179,132,0,45,0,0,0,146,85,52,52,0,0,49,0,0,843,36,0,0,113,0,0,0,0,0,30,0,4,0,0,0,0,0,0,35,0,0,0,0,0,0,0,0,45,0,0,0,0,0,0,0,0,0,0,0,0,57,0,31,35,0,6,130,0,7,0,0,0,0,42,38,0,0,0,0,0,84,26,0,0,19,0,30,0,0,0,0,16,0,7,12,0,19,7,14,0,0,0,0,0,10,0,0,0,0,0,0,6,0,0,6,21,0,0,0,40,0,0,10,0,0,22,0,11,4,0,0,0,7,0,0,0,0,0,0,3,0,0,0,0,0,10,4,0,5,0,0,0,0,0,0,0,0,0,0,0,5,0,0,0,0,0,0,0,0,0,0,0,0,0,0,0,4,0,0,0
"147-42",7093,51,904,0,97,0,1239,7458,0,0,17207,0,1489,434,0,1310,780,53,383,0,8545,29,0,0,0,343,1226,397,0,123,0,0,0,0,1751,322,0,37,93,0,197,560,368,0,317,347,0,428,122,235,226,0,0,0,0,0,0,0,0,26,0,0,0,159,0,0,63,0,0,163,0,84,89,0,0,0,106,18,0,0,129,103,79,63,0,0,0,113,30,0,45,0,0,0,0,0,396,25,0,0,49,0,0,0,0,0,5,0,0,0,0,0,52,0,0,14,0,0,0,29,0,0,0,0,61,0,31,0,0,0,0,0,66,0,0,0,0,25,0,14,30,0,30,112,0,5,0,0,0,0,43,78,0,0,0,0,0,35,22,0,0,21,0,9,0,0,0,0,0,0,0,24,0,12,0,10,0,0,7,0,0,0,0,0,7,0,0,0,12,0,0,13,27,0,0,0,25,0,3,19,35,0,32,0,7,0,8,0,0,3,0,0,0,0,0,0,2,0,11,6,0,0,11,0,10,0,0,0,0,0,11,0,6,0,0,0,0,0,10,0,0,0,0,0,0,0,0,0,0,0,0,0,0,12,0,0,0
"147-43",5023,67,1025,0,103,0,1452,5559,0,0,15528,0,1799,281,0,1426,643,44,252,0,5575,24,0,0,0,299,930,391,0,97,0,0,0,0,879,53,0,43,0,0,87,381,419,0,223,407,0,395,72,116,119,0,0,0,0,0,0,0,0,14,0,0,0,115,0,0,28,0,0,116,0,179,0,0,0,0,69,20,0,0,127,103,58,32,0,0,0,39,13,9,57,0,0,0,0,0,745,23,0,0,53,0,0,0,10,0,7,0,0,0,0,0,62,0,0,25,0,0,0,23,0,0,0,0,41,0,29,0,0,0,0,0,138,0,0,0,0,25,0,13,27,0,21,110,0,0,0,0,0,0,30,46,0,0,0,0,0,25,23,0,0,17,0,30,0,0,0,0,0,0,0,16,0,0,14,5,0,0,0,0,0,0,0,0,20,0,0,0,10,0,0,0,19,0,0,0,0,0,0,9,23,0,23,0,10,0,9,0,0,0,0,0,0,0,0,0,2,0,0,0,0,0,8,0,0,0,0,0,0,0,0,0,0,0,0,0,0,0,0,0,0,0,0,0,0,0,0,0,0,0,0,0,0,5,0,0,0
"147-44",5113,35,1141,0,133,0,662,5452,0,0,15279,0,2362,374,0,1551,538,100,228,0,6540,42,0,0,6,263,661,279,0,129,0,0,0,0,1744,71,0,58,46,0,70,467,576,0,206,553,0,359,49,138,114,0,0,0,0,0,0,0,0,31,0,0,0,176,0,0,25,0,0,235,0,216,0,0,0,0,97,18,0,0,163,86,156,35,0,0,0,66,0,49,69,0,0,49,0,0,1074,20,0,0,26,0,0,0,0,0,20,0,0,0,0,0,61,0,0,22,0,0,0,0,0,0,0,0,38,0,18,0,0,0,0,0,0,0,0,56,0,55,0,12,30,0,28,117,0,7,0,0,0,0,59,34,0,0,0,0,0,28,18,0,0,26,0,24,0,0,0,0,0,0,0,15,0,8,0,8,0,0,2,0,0,18,0,0,34,0,0,0,7,0,0,0,17,0,0,0,29,0,0,7,12,0,16,0,11,0,5,0,0,11,0,0,0,0,0,0,4,0,6,0,0,0,11,0,19,0,0,0,0,0,0,2,7,0,0,0,0,0,0,0,0,0,0,0,0,0,0,0,0,0,0,0,0,9,0,0,0
"147-45",8947,47,3151,0,168,0,2977,8837,0,0,16968,0,2618,1183,0,2023,915,132,479,0,8305,74,0,0,0,325,860,351,0,216,0,0,0,0,1551,77,0,37,22,0,236,659,680,0,461,652,0,816,156,365,213,0,0,0,0,0,0,0,0,44,0,0,0,156,0,0,91,0,0,195,0,292,83,0,0,0,211,46,0,0,173,122,220,117,0,0,0,68,0,6,118,0,0,94,0,0,739,32,0,0,57,0,0,0,0,0,65,0,0,0,0,0,93,0,0,0,0,0,0,51,0,0,0,0,89,0,32,0,0,0,0,0,299,0,0,0,0,61,0,19,76,0,47,133,0,0,0,0,0,0,69,125,0,0,0,0,0,52,53,0,0,18,0,29,0,0,0,6,0,0,0,58,0,12,0,22,0,0,6,0,0,0,0,0,70,0,0,0,20,0,0,11,42,0,0,0,31,0,0,16,58,0,39,0,0,5,14,0,0,13,0,0,0,0,0,0,0,0,19,11,0,0,14,0,0,9,0,0,0,0,20,0,20,0,0,0,0,0,0,0,0,0,5,0,0,0,6,0,0,0,0,0,0,16,0,0,0
"147-15",1644,7906,0,0,7491,0,3952,4448,0,0,1230,0,0,651,6649,1617,0,954,565,0,0,31,0,0,0,0,735,3019,0,227,0,0,0,0,1656,2009,0,139,1139,0,355,25,0,0,440,0,0,0,0,144,139,2907,0,0,0,1402,0,0,0,0,0,0,0,100,0,0,574,0,0,0,0,0,142,0,0,0,75,0,0,1314,0,0,0,0,0,0,0,0,0,0,175,0,0,76,0,0,0,0,0,0,0,0,0,0,16,0,56,0,0,0,0,0,0,0,0,162,0,0,58,0,0,0,0,0,28,0,128,0,0,0,0,0,0,0,0,112,0,0,0,0,38,0,0,75,0,0,0,0,0,0,7,0,0,15,0,0,0,0,0,0,0,10,0,39,0,0,0,8,38,0,0,0,0,0,19,0,0,0,49,0,0,0,0,0,0,0,0,0,0,0,0,0,0,0,0,0,40,0,13,37,0,0,0,0,0,0,12,0,0,8,0,0,0,0,0,0,0,0,0,11,0,0,0,0,0,7,0,0,0,0,0,0,0,0,0,0,0,0,0,0,0,0,0,0,0,0,0,0,0,0,6,0,0,2,0,0,0
"147-16",795,8887,0,0,7371,0,3728,4131,0,0,1076,0,0,358,3540,1085,0,713,280,0,0,24,0,0,0,0,543,2415,0,207,0,0,0,0,814,608,0,150,613,0,110,16,0,0,274,0,0,0,0,75,24,2275,0,0,0,783,0,0,0,0,0,0,0,18,0,0,256,0,0,0,0,0,0,0,0,0,55,0,0,1085,0,0,0,0,0,0,0,0,0,0,117,0,0,31,0,0,0,0,0,0,0,0,0,0,15,0,24,0,0,0,0,0,0,0,0,42,0,0,0,0,0,0,0,0,34,0,68,0,0,0,0,0,0,0,0,36,0,0,0,0,24,0,0,50,0,0,0,0,0,0,0,0,0,1454,0,0,0,0,0,0,0,4,0,15,0,0,0,4,16,0,0,0,0,0,11,0,0,0,17,0,0,0,0,0,0,0,0,0,4,0,0,0,0,0,0,0,0,0,0,16,0,0,0,0,0,0,4,0,0,0,0,0,0,0,0,0,0,0,0,0,0,0,0,0,0,0,0,0,0,0,0,0,0,0,0,0,0,0,0,0,0,0,0,0,0,0,0,0,0,0,0,0,0,0,0,0,0
"147-17",1536,11534,0,0,10051,0,4942,6215,0,0,1771,0,0,486,7298,2541,0,1133,526,0,0,7,0,0,0,0,1354,2852,0,654,0,0,0,0,1678,2888,0,363,1098,0,0,48,0,0,940,0,0,0,0,149,170,2626,0,0,0,1613,0,0,0,0,0,0,0,38,0,0,672,0,0,0,0,0,365,0,0,0,228,0,0,1301,0,0,0,0,0,0,0,0,0,0,200,0,0,54,0,0,0,0,0,0,0,0,0,0,27,0,34,0,0,0,0,0,0,0,0,170,0,0,288,0,0,0,0,0,29,0,5,0,0,0,0,0,0,0,0,0,0,0,0,0,42,0,0,112,0,0,0,0,0,0,4,0,0,0,0,0,0,0,0,0,0,12,0,23,0,0,0,4,59,0,0,0,0,0,30,0,0,0,72,0,0,0,0,0,0,0,0,0,5,0,0,0,0,0,0,0,0,0,0,26,0,0,0,0,0,0,9,0,0,0,0,0,0,0,0,0,0,0,0,77,0,0,0,0,0,0,0,0,0,0,0,0,0,0,0,0,0,0,0,0,0,0,0,0,0,0,0,0,0,0,0,0,0,6,0,0,0
"147-52",2728,9869,4224,0,1617,0,986,70,0,0,2506,0,2707,96,0,771,118,999,169,0,1725,387,0,0,0,701,108,286,0,467,885,0,0,0,143,22,0,69,75,0,235,407,631,0,203,561,0,280,50,237,126,170,0,0,0,0,0,0,0,317,0,0,0,30,0,0,233,0,0,27,0,308,71,0,0,0,164,0,0,93,5,221,11,15,0,0,0,0,20,15,89,0,0,58,0,0,136,12,0,0,18,0,0,0,0,0,68,0,0,0,0,0,70,0,0,100,0,0,0,0,0,0,0,0,33,0,66,0,0,21,0,0,0,0,0,49,0,0,0,0,24,0,4,23,0,0,0,0,0,0,10,37,0,0,0,0,0,11,15,0,0,8,0,0,0,0,0,0,39,0,0,0,0,8,0,6,0,0,8,0,0,0,0,14,0,0,0,0,3,0,0,16,5,0,0,0,57,0,0,0,49,0,12,0,4,0,8,0,0,0,6,0,0,0,0,0,4,0,15,6,0,0,0,0,0,0,0,0,0,0,0,0,0,0,0,7,0,0,0,0,0,0,0,0,0,0,0,0,0,0,6,0,0,3,0,0,0
"147-53",8029,4535,6011,0,4620,0,781,160,0,0,5503,0,8121,47,0,601,554,789,480,0,2627,285,0,0,0,1420,412,160,0,535,3862,0,0,0,234,51,0,50,14,0,158,573,1851,0,254,1780,0,339,62,317,255,77,0,0,0,0,0,0,0,272,0,0,0,66,0,0,358,0,0,30,0,816,125,0,0,0,180,9,0,63,15,0,15,15,0,0,0,0,21,175,152,0,0,158,0,0,194,133,0,0,37,0,0,0,0,0,130,0,0,0,0,0,81,0,0,72,0,0,0,10,0,0,0,0,54,0,95,0,0,126,0,0,0,12,0,70,0,0,0,14,41,0,12,27,0,0,0,0,0,0,35,39,0,0,0,0,0,27,32,0,0,15,0,19,0,0,0,0,26,0,0,0,0,0,0,3,0,0,12,0,0,0,0,13,0,0,0,0,8,0,0,11,15,0,0,0,49,0,10,5,20,0,23,0,9,10,0,0,0,0,0,0,0,0,0,0,5,0,11,0,0,0,5,0,0,0,0,0,0,0,0,0,0,0,0,0,8,0,37,0,0,0,5,0,0,0,0,0,0,0,0,0,0,3,0,3,0
"147-54",4000,8012,5617,0,4063,0,1620,722,0,0,3796,0,5479,239,0,1100,241,1152,334,0,2172,408,0,0,0,1383,552,306,0,776,2274,0,0,0,192,69,0,45,16,0,402,701,1273,0,303,1178,0,396,49,272,139,238,0,0,0,0,0,0,0,421,0,0,0,106,0,0,206,0,0,18,0,504,0,0,0,0,240,6,0,125,7,498,30,43,0,0,0,0,9,49,165,0,0,150,0,0,125,48,0,0,17,0,0,0,19,0,126,0,0,0,0,0,78,0,0,160,0,0,37,0,0,0,0,0,51,0,77,0,0,16,0,0,0,0,0,64,0,0,0,13,34,0,9,13,0,0,0,0,0,0,18,57,0,0,0,0,0,32,17,0,0,19,0,12,0,0,0,0,31,0,0,0,0,5,0,5,0,0,16,0,0,0,0,16,0,0,0,0,2,0,0,25,8,0,0,0,76,0,0,13,58,0,0,0,13,6,0,0,0,0,16,0,0,0,0,0,3,0,22,0,0,0,6,0,0,0,0,0,0,0,0,5,4,0,0,6,0,0,0,0,0,0,6,0,9,0,15,0,0,0,0,0,0,0,0,0,3
"165-10",367,0,7991,14221,0,434,0,871,29,4,0,50,0,650,0,0,109,0,486,1521,0,0,1238,666,0,0,0,624,27,0,0,53,1005,962,0,0,0,0,0,13,0,35,0,0,0,0,71,0,97,192,327,0,118,237,91,0,0,497,0,0,239,11,0,0,0,125,0,636,0,0,0,0,0,287,367,279,0,278,60,0,17,0,0,37,0,0,336,0,70,86,0,136,0,0,0,178,0,0,197,0,52,163,81,0,250,0,0,0,0,0,96,80,0,0,0,0,0,43,0,0,0,0,0,83,21,6,0,0,0,0,77,0,0,0,46,0,0,0,0,38,15,61,0,0,0,41,314,0,5,0,0,11,0,0,0,0,0,0,0,137,37,10,0,0,10,0,0,0,0,67,0,49,0,0,15,23,0,0,0,9,0,82,0,0,0,34,0,21,0,0,6,0,0,9,0,38,0,0,8,0,0,0,0,32,0,3,0,16,2,0,0,0,9,7,0,0,0,4,0,0,0,4,0,3,0,0,0,0,0,5,0,0,0,0,0,0,0,5,0,0,0,0,0,4,0,6,0,0,0,0,0,0,0,0,0,0,0
"165-8",2356,0,13073,18329,0,1090,0,1693,66,22,0,114,0,1484,0,0,219,0,1275,2678,0,0,2816,1490,0,0,0,1299,97,0,0,144,2523,2115,4,60,0,0,0,35,0,88,0,0,0,0,325,0,315,382,1053,0,169,660,336,0,0,719,0,0,713,34,0,0,0,337,0,1155,0,0,38,0,0,537,642,667,0,604,245,0,43,0,0,105,0,0,596,0,167,245,0,382,0,0,0,300,0,0,318,0,131,328,152,3,445,0,0,0,0,0,356,258,0,0,0,0,0,82,0,0,0,0,0,163,21,53,0,37,0,0,150,0,0,0,76,0,76,0,0,94,14,137,0,0,0,75,534,0,0,9,0,0,13,0,0,0,0,0,0,353,40,13,0,3,0,0,0,10,0,99,0,77,0,0,18,46,0,0,0,0,0,120,0,0,0,0,25,46,0,0,18,0,0,28,0,141,0,0,17,0,0,0,0,44,0,23,4,34,6,6,0,0,21,15,0,0,0,9,0,0,7,6,0,11,0,3,0,13,0,10,0,0,0,0,5,0,0,16,0,0,5,0,0,8,0,2,0,0,0,0,0,0,0,0,0,0,0
"165-9",730,0,11459,16030,0,1287,0,1185,76,10,0,159,0,1787,0,0,239,0,1057,1789,0,0,1771,1235,0,0,0,776,298,0,0,84,2244,2150,8,0,0,0,0,61,0,40,0,0,0,0,189,0,244,327,624,0,365,631,174,0,0,770,0,0,551,41,0,0,0,250,0,1117,9,0,22,0,0,492,567,502,0,540,209,0,32,0,0,140,0,0,676,0,111,203,0,587,0,0,0,346,0,0,304,0,132,262,150,5,288,0,0,0,0,0,190,129,0,0,0,0,0,75,0,0,0,0,4,131,34,45,0,27,0,0,113,0,0,0,94,0,28,0,0,74,32,97,0,0,0,71,313,0,3,0,6,0,8,0,0,0,0,0,0,319,35,24,0,6,20,0,0,0,0,87,0,58,0,0,16,43,0,28,0,0,0,128,0,0,0,0,25,40,0,0,7,0,0,28,0,105,0,0,8,0,0,0,0,79,0,14,0,22,6,0,0,0,13,16,0,0,0,18,0,0,0,8,0,15,0,0,0,4,0,15,0,0,0,0,4,0,0,19,0,0,0,0,0,7,0,8,0,0,0,9,0,0,0,0,0,0,0
"165-36",4046,0,8984,11423,0,435,0,1541,0,0,0,0,0,749,0,0,497,32,755,1667,0,0,1242,1129,0,0,0,143,21,54,5,115,1415,1341,5,0,0,1132,0,0,0,124,0,0,0,0,189,0,414,302,423,0,163,202,256,0,0,625,0,0,476,58,0,0,235,259,0,0,5,62,31,0,0,445,545,317,33,390,190,0,331,0,0,39,392,355,887,210,148,144,0,0,0,0,0,235,0,0,330,109,161,259,124,145,0,0,0,0,0,0,210,151,0,0,9,0,0,84,0,75,0,0,129,109,32,7,0,15,0,0,84,0,0,0,0,0,0,0,108,48,26,64,0,0,0,96,72,0,3,0,6,0,7,0,0,0,0,0,0,146,158,9,99,16,41,0,0,0,0,120,0,24,14,0,8,27,0,134,0,0,0,0,0,0,0,0,0,42,0,25,9,0,0,88,52,52,0,0,11,0,0,0,0,0,0,11,6,26,29,0,0,5,9,11,0,0,0,26,0,0,7,0,0,0,0,10,0,0,2,17,0,0,0,0,0,0,0,11,0,0,0,0,0,6,0,0,0,0,21,0,0,0,7,0,0,0,0
"165-37",5869,0,10928,18916,0,1350,0,1850,807,0,0,145,0,716,0,0,654,0,1191,2114,0,0,1664,2126,0,0,0,317,37,36,9,40,1934,1930,0,0,0,1576,0,0,0,28,0,0,0,0,100,0,322,353,426,0,240,331,92,0,0,671,0,0,664,98,0,0,444,258,0,0,16,103,12,0,0,384,651,677,0,587,0,0,459,0,0,93,480,0,625,64,197,192,0,471,0,0,0,239,0,0,348,159,159,309,239,3,0,0,0,0,0,0,91,179,0,0,13,0,0,104,0,76,0,0,121,149,46,4,0,0,0,0,180,0,0,0,90,0,0,0,0,58,30,53,0,0,0,34,15,0,0,0,0,0,6,0,0,0,0,0,0,118,0,18,118,21,40,0,0,3,0,167,0,18,5,0,21,31,0,42,0,10,0,0,0,0,0,28,10,49,0,46,12,0,0,0,0,0,0,0,9,0,0,0,0,0,0,0,5,31,0,0,0,0,0,17,10,0,0,14,0,0,6,2,0,4,0,7,0,3,8,11,0,0,0,0,28,0,0,4,0,0,0,0,0,7,0,0,0,0,10,8,0,0,8,0,0,0,0
"165-38",1387,0,11817,19422,0,1527,0,2170,281,9,0,107,0,887,0,0,620,1171,875,2712,0,0,2011,2111,0,0,0,558,78,26,6,33,1761,1602,0,0,0,2533,0,0,0,24,0,6,0,0,180,0,313,401,488,0,407,492,174,0,0,508,0,0,582,92,59,0,606,293,0,0,24,235,0,0,0,451,677,813,0,843,239,0,552,0,0,80,666,0,857,115,232,263,0,0,0,0,0,184,0,0,356,232,152,343,220,8,0,0,0,0,0,0,154,216,0,0,11,0,0,96,0,69,0,0,157,102,53,0,0,51,0,0,245,0,0,0,128,0,0,0,0,78,27,91,0,0,0,177,102,0,0,0,0,0,14,0,0,0,0,0,0,185,39,12,158,22,47,0,0,0,0,129,0,14,33,0,31,37,0,0,0,0,0,0,0,0,0,0,0,60,0,54,9,0,0,19,48,71,0,0,12,0,0,0,0,0,0,12,0,37,27,0,0,10,10,23,0,0,0,25,0,0,5,6,0,6,0,7,0,7,11,10,0,0,0,0,43,0,0,8,0,0,0,16,0,12,0,0,0,0,9,0,0,0,13,0,0,0,0
"165G",328,0,5916,7605,0,6901,0,257,8869,92,0,1601,0,175,0,1093,289,286,99,485,0,0,51,529,166,0,0,49,0,0,1654,0,202,161,13,0,0,0,0,0,0,112,0,0,0,0,260,0,158,20,99,0,5060,58,0,0,0,86,576,0,133,0,721,0,0,186,0,106,0,12,0,0,0,92,47,0,0,2,153,0,0,0,0,439,54,0,39,60,92,0,0,0,0,0,0,59,0,0,15,0,0,0,57,0,92,0,0,0,0,0,15,18,0,7,57,0,0,36,0,0,0,54,0,22,35,18,0,0,0,0,0,0,0,39,0,0,0,2,0,5,3,8,0,0,0,0,0,0,20,40,0,0,0,0,0,0,0,0,0,0,0,9,0,0,8,0,0,0,0,0,0,0,46,0,3,6,0,0,0,0,0,0,0,0,0,0,17,0,11,6,5,0,0,0,0,2,0,0,0,0,0,21,0,0,0,5,9,0,8,0,0,39,4,0,0,26,0,0,0,0,0,3,0,0,0,0,0,0,0,0,0,0,0,0,0,0,0,0,0,0,0,0,0,0,0,0,0,0,0,0,0,0,0,0,0,0,0
"165H",1304,0,6978,7257,0,9219,0,390,8138,232,0,3956,0,295,0,1961,486,720,157,785,0,0,187,750,822,0,0,43,0,0,2946,0,109,101,21,0,0,0,0,0,0,212,0,11,0,0,495,0,414,48,148,0,6431,80,0,0,0,171,476,0,202,0,827,0,0,238,0,159,0,24,0,0,0,240,94,0,0,31,215,0,10,0,0,983,36,0,66,70,191,0,0,0,0,0,0,71,0,0,32,0,16,0,63,0,138,0,0,0,0,0,27,48,0,53,68,0,0,69,0,0,0,71,11,25,45,35,0,0,0,0,0,0,0,102,0,0,0,0,0,13,4,0,0,0,0,6,0,0,11,56,0,0,0,0,0,0,0,0,0,0,0,24,0,9,7,0,0,0,0,0,0,0,77,0,0,8,0,0,0,0,0,0,0,0,0,0,35,10,0,0,21,0,0,0,0,6,0,0,0,0,0,38,0,0,0,0,8,0,10,15,0,53,9,0,0,27,0,4,0,0,0,5,0,0,0,0,0,0,2,10,0,0,0,0,0,0,0,3,0,0,0,0,0,0,0,2,0,0,0,0,0,0,0,0,0,0,0
"165I",834,0,4079,6816,0,6179,0,282,6726,1296,0,3576,0,169,0,1012,211,301,112,337,0,0,40,358,312,0,0,26,0,0,1269,0,49,42,11,0,0,0,0,0,0,134,0,9,0,0,251,0,205,25,84,0,4567,55,0,0,36,53,200,0,129,0,0,0,0,145,0,79,0,15,0,0,0,138,38,0,0,3,114,0,6,0,0,537,18,0,23,30,117,0,0,0,0,0,0,65,0,0,21,0,0,0,36,0,64,0,0,0,0,0,11,24,0,23,36,0,0,16,0,0,0,42,8,16,22,12,0,1040,0,0,0,0,0,110,0,0,0,0,0,0,0,14,0,0,0,0,0,0,4,0,0,0,0,0,0,0,0,0,0,0,0,8,0,4,0,0,0,5,0,0,0,0,40,0,0,7,0,0,0,38,0,0,9,0,0,0,12,0,4,0,7,0,0,0,0,2,0,0,0,0,0,15,0,0,0,8,6,7,0,0,0,46,0,0,0,28,0,4,0,0,0,0,0,0,0,0,0,0,0,0,0,0,0,0,0,0,0,3,0,0,0,0,0,0,0,5,0,0,0,0,0,0,0,0,0,0,0
"165J",343,0,4919,7728,0,9479,0,253,6316,752,0,4747,0,248,0,1504,295,1030,251,716,0,0,22,665,202,0,0,38,15,0,2675,0,161,141,0,0,0,0,0,0,0,161,0,8,0,0,396,0,300,23,157,0,3361,66,0,0,0,0,501,0,236,10,595,0,0,257,0,137,0,19,0,0,0,202,47,0,0,42,184,0,9,0,0,187,93,0,32,51,140,0,0,0,0,0,0,70,0,0,17,0,0,26,76,0,62,0,0,0,0,0,21,45,0,14,45,0,0,54,0,0,0,67,12,32,42,138,0,0,0,0,0,0,0,73,0,0,0,0,0,8,0,17,0,0,0,0,0,0,24,0,0,0,0,0,0,0,0,0,0,0,0,13,0,0,10,0,0,0,0,0,0,0,29,0,3,3,62,0,0,0,0,0,0,0,0,0,26,0,5,4,13,0,0,0,0,15,0,0,0,0,0,25,0,0,0,0,7,0,10,3,0,31,2,5,0,17,0,4,0,0,0,5,0,0,0,0,0,0,4,5,0,0,0,0,0,0,0,0,0,0,0,0,0,0,0,0,0,0,0,0,0,0,0,0,0,0,0
"165-28",723,0,2091,7396,0,10530,0,351,4061,2300,0,13292,0,291,0,3021,298,0,221,674,0,0,105,749,96,0,0,85,33,480,0,0,305,311,229,0,0,0,0,1700,0,127,0,0,0,0,301,0,555,19,79,0,35,121,0,0,0,167,0,0,166,2301,1125,0,0,547,0,0,0,28,0,0,0,218,49,0,0,49,178,0,53,0,0,81,337,0,35,66,177,6,0,84,0,0,0,76,0,0,27,0,29,0,75,0,0,10,0,0,0,0,32,53,0,112,52,0,0,39,0,0,0,107,118,22,0,0,0,0,0,0,0,0,0,16,0,0,0,0,0,7,7,15,0,0,0,0,0,0,16,0,0,0,0,0,0,23,0,0,0,0,0,26,50,0,0,0,0,46,0,0,0,0,199,0,0,3,0,0,0,0,0,0,30,0,0,0,21,0,0,0,3,0,0,0,0,14,0,0,0,0,0,9,0,0,0,0,0,10,0,0,0,43,0,0,0,21,0,2,0,0,0,6,0,0,0,0,0,0,0,0,0,0,0,0,0,0,0,0,0,0,19,0,0,0,0,0,0,0,0,0,0,0,0,0,0,0,0
"165-13",11055,0,7952,2317,0,108,0,1746,2295,183,0,42,0,160,0,0,934,0,183,851,0,0,84,873,0,0,0,586,82,250,0,7141,29,35,20,2275,7459,0,0,80,0,210,0,188,0,0,290,0,323,25,140,0,35,193,141,0,41,0,0,0,90,20,0,0,64,171,0,86,44,82,2375,0,0,0,58,460,0,61,85,0,50,0,45,12,154,45,13,0,112,0,0,0,0,0,0,99,0,24,20,0,36,0,64,0,21,19,0,0,0,41,6,33,0,0,0,0,0,58,0,0,14,20,0,56,47,78,0,458,0,0,114,0,0,0,58,0,0,0,0,12,6,0,0,33,0,23,0,197,4,90,0,0,40,0,0,56,0,0,0,0,0,30,48,0,23,0,86,0,0,0,0,0,12,0,7,7,49,28,0,76,0,0,0,0,0,0,0,20,0,10,3,0,0,0,0,0,0,89,0,0,0,12,0,0,0,5,0,0,21,0,0,0,0,9,0,0,0,2,0,0,22,9,0,0,0,0,17,8,2,0,9,0,0,0,0,0,0,0,0,14,0,11,0,0,0,0,0,0,0,0,0,0,0,0,0,0,0
"165-15",4985,0,8578,1118,0,37,0,3661,2353,51,0,0,0,160,0,299,579,6,200,657,0,0,255,309,0,0,0,120,161,1122,0,2273,138,141,7,680,0,0,0,178,0,95,0,10,0,0,172,0,260,8,67,0,0,192,267,0,0,51,61,0,177,12,0,0,126,136,0,33,0,33,691,0,0,22,34,187,0,0,66,0,16,0,70,0,312,0,6,0,51,3,0,0,0,0,0,50,0,44,0,37,10,0,36,0,5,443,0,0,0,0,8,11,0,0,0,0,0,90,0,0,416,0,3,31,23,91,0,201,0,0,70,0,0,0,26,0,31,0,0,15,15,0,0,80,0,0,0,51,70,103,0,0,0,0,0,0,16,0,0,0,31,0,79,0,12,0,79,0,0,0,0,0,14,0,6,8,0,0,0,91,0,0,0,0,0,308,0,0,0,0,4,0,0,0,0,0,0,33,0,0,0,7,0,5,0,3,0,0,0,0,0,0,0,12,0,0,0,2,0,0,0,2,0,3,0,0,22,0,0,3,0,0,0,0,0,0,0,0,0,6,0,24,0,0,0,0,0,0,0,0,0,0,0,0,0,0,0
"165-47",7564,0,17146,3421,0,187,0,7807,1368,73,0,0,0,394,0,2179,1018,0,707,1530,0,0,312,807,0,20,0,82,226,1627,0,870,193,204,15,335,16,0,0,1316,0,289,0,466,0,0,401,0,240,39,184,0,13,291,344,0,40,179,0,0,294,73,0,0,0,928,0,227,128,109,305,0,0,42,69,426,0,157,220,0,54,0,284,0,313,46,12,855,75,82,0,0,137,0,0,142,0,0,33,0,62,0,94,3,0,0,0,0,0,90,22,54,0,5,123,0,0,93,0,322,0,67,38,75,0,118,0,44,0,0,95,0,0,60,0,0,49,0,0,38,19,22,0,94,0,108,0,237,411,152,0,0,0,0,0,56,131,0,0,0,34,27,62,0,66,0,214,30,0,0,0,29,0,0,0,13,0,0,0,109,108,0,62,0,0,0,22,0,16,0,16,0,0,0,23,0,0,91,14,0,0,49,0,0,0,7,0,13,13,0,0,0,12,16,8,12,0,11,0,0,18,10,0,5,0,0,31,0,6,5,0,0,0,0,0,0,0,4,0,50,16,7,0,4,6,13,0,0,6,0,0,0,0,6,0,0,0
"165-48",7463,0,3939,3784,0,226,0,3121,631,15,0,0,0,386,0,710,965,37,597,1183,0,0,281,1123,0,23,0,263,227,0,0,809,49,43,12,269,0,0,0,874,0,301,0,4474,0,0,409,0,413,49,143,0,275,155,1555,0,0,0,0,0,331,21,0,0,0,679,0,79,172,59,275,0,0,71,119,526,0,91,206,0,32,0,52,0,776,0,23,267,33,78,0,0,98,0,0,86,0,17,67,0,50,61,137,0,0,11,0,0,0,867,13,55,0,0,76,0,0,73,0,65,0,78,44,63,18,16,0,91,0,0,129,0,0,177,0,0,209,76,0,36,8,25,0,186,0,38,0,28,35,110,0,0,0,0,0,0,67,0,0,0,0,10,173,0,279,0,192,0,0,37,0,21,0,0,0,17,0,0,0,78,284,0,234,0,0,0,25,16,0,19,13,0,0,0,0,0,0,80,0,0,0,6,0,0,0,4,3,17,10,0,0,0,0,19,31,0,0,9,0,0,12,6,0,0,0,2,0,0,0,9,0,0,0,0,8,0,0,4,0,14,0,0,0,0,0,6,0,0,9,0,0,9,0,2,0,0,0
"165-49",7482,0,9814,2443,0,161,0,3906,1200,99,0,0,0,350,0,872,1058,0,551,1336,0,0,256,744,0,31,0,81,128,764,0,1288,188,231,16,494,601,0,0,1106,0,358,0,1944,0,0,438,0,461,39,182,0,29,198,301,0,305,0,0,0,273,82,0,0,0,672,0,176,66,89,404,0,0,88,54,489,0,82,145,0,30,0,320,0,264,43,12,522,125,59,0,0,145,0,0,111,0,0,27,0,57,0,66,0,0,0,0,0,0,355,11,54,0,0,95,0,0,59,0,241,0,55,27,39,13,91,0,73,0,0,137,0,0,83,41,0,43,0,0,72,6,19,0,72,0,47,0,369,616,206,0,0,0,0,0,26,113,0,0,0,40,18,0,0,54,0,172,0,0,0,0,36,0,0,0,28,0,39,0,138,97,0,54,0,0,0,17,11,11,0,15,0,0,22,0,0,0,88,0,0,0,19,0,0,0,0,0,9,13,0,0,0,7,9,9,0,0,4,0,0,15,5,0,4,0,0,51,0,0,5,0,0,0,0,4,0,0,0,0,22,0,17,0,0,4,12,0,0,0,0,0,0,0,10,0,0,0
"165-17",4734,0,2755,2747,0,5004,0,1845,2568,90,0,4507,0,145,0,1959,698,0,156,621,0,0,443,413,1269,18,0,243,260,0,904,1898,548,507,10,630,2657,131,0,689,0,48,0,266,0,0,242,0,548,0,104,0,0,215,3203,0,1398,143,0,0,161,1391,0,0,0,186,0,17,484,4,684,0,0,107,28,189,0,137,138,0,17,0,0,6,310,103,29,33,101,14,0,0,530,0,0,56,0,579,0,0,40,0,48,264,0,16,0,0,0,46,28,30,0,0,87,0,0,44,0,201,9,63,127,49,0,15,0,43,615,0,46,0,0,0,110,0,349,0,0,7,9,23,0,21,0,8,9,16,0,60,0,0,0,0,0,203,0,0,0,0,31,14,66,0,0,0,0,0,0,0,0,41,4,0,0,12,0,0,0,0,0,0,0,0,0,0,24,11,12,12,2,0,0,12,36,13,0,0,8,0,0,12,0,0,0,4,0,0,10,0,0,26,0,3,5,0,0,0,0,0,14,6,0,0,0,0,7,0,5,0,14,0,0,0,0,0,0,0,0,0,0,0,0,0,0,0,0,0,0,0,0,11,5,0,0,0,0
"165-18",5826,0,3603,5441,0,2278,0,1511,492,0,0,7615,0,334,0,2267,653,0,210,513,0,0,454,590,1109,7,0,474,376,0,1915,1487,0,0,0,527,0,187,0,188,0,78,0,0,0,0,316,0,455,18,67,0,0,170,3422,0,0,129,0,0,123,2674,0,0,0,312,0,28,57,10,452,0,0,75,49,146,0,32,0,0,20,0,0,24,498,0,0,133,111,16,0,157,0,0,0,57,0,645,20,0,41,0,0,685,0,0,0,0,0,0,32,38,0,7,81,0,0,54,0,40,0,49,54,49,10,15,0,38,0,0,0,0,0,20,0,0,483,0,0,12,8,18,0,33,0,51,19,0,24,39,0,0,0,0,0,0,0,0,0,0,0,14,124,0,0,0,0,3,0,0,0,28,0,0,0,8,0,32,0,0,0,0,0,0,0,0,29,9,0,0,0,0,0,0,0,10,0,0,9,0,0,7,0,0,0,4,2,0,5,0,0,20,0,4,0,0,0,0,0,0,0,4,0,0,0,0,7,0,0,0,11,0,0,0,6,0,0,0,0,0,0,0,0,0,0,0,0,0,0,0,0,0,5,0,0,0,0
"165-19",3240,0,3059,3886,0,6570,0,2339,3481,179,0,6577,0,85,0,1062,879,14,295,692,0,0,490,641,1891,16,0,263,432,0,1134,2588,1030,962,0,826,1937,90,0,707,0,114,0,304,0,0,456,0,563,0,112,0,0,221,3689,0,2073,122,0,0,267,1198,0,0,0,257,0,19,250,20,799,0,0,78,41,162,0,83,222,0,40,0,0,0,155,112,21,31,91,32,0,0,733,0,0,55,0,480,13,0,53,0,70,84,0,46,0,0,0,50,56,34,0,0,135,0,0,54,0,973,29,91,85,62,0,18,0,35,699,0,41,0,0,0,127,0,446,0,35,10,14,31,0,27,0,13,0,28,0,50,0,0,0,0,0,251,0,0,0,0,0,26,27,2,0,0,0,0,0,0,0,36,3,0,0,14,0,0,0,36,0,0,0,0,0,0,21,12,10,17,3,0,0,0,62,22,0,0,5,0,0,15,0,0,0,9,0,12,7,0,0,25,0,0,9,0,0,4,0,0,14,14,0,4,0,0,9,0,0,0,0,0,0,0,11,0,0,7,0,0,0,0,0,4,0,0,0,0,0,0,0,8,13,0,0,0,0
"165-57",6368,0,3237,3576,0,5800,0,3896,7383,1109,0,9227,0,669,0,5803,1389,18,223,1155,0,0,1192,742,2492,0,0,478,156,1150,326,274,861,886,0,95,4106,0,0,1065,0,132,0,2758,0,0,553,0,630,23,125,0,72,550,0,0,0,203,0,0,408,59,0,0,0,406,0,447,139,60,93,0,0,307,43,0,0,61,339,0,51,0,64,19,0,484,57,165,111,0,0,0,0,0,0,180,0,0,22,0,169,0,83,0,191,20,0,0,0,530,281,49,0,6,0,0,0,68,0,0,21,64,11,36,0,4,0,0,42,0,0,0,0,0,147,0,0,0,133,28,16,20,0,68,0,122,0,0,10,85,0,0,0,0,0,0,0,0,0,0,0,27,0,0,9,0,7,8,0,0,0,21,0,0,6,6,0,0,0,41,0,0,0,0,0,12,79,17,10,13,19,0,0,0,84,7,0,35,0,0,0,13,0,0,0,4,2,0,12,0,0,17,6,5,0,36,0,0,0,0,11,5,0,0,0,0,0,21,4,4,0,0,0,8,10,0,0,0,0,5,0,0,0,4,0,20,0,0,7,0,0,7,0,0,0,2,0
"165-58",4042,0,2657,3422,0,3033,0,2197,5219,298,0,4479,0,342,0,2120,617,0,183,556,0,0,561,545,1331,0,0,165,55,639,241,370,55,61,4,160,950,0,0,457,0,76,0,1156,0,0,325,0,288,0,58,0,0,210,0,0,15,158,0,0,252,18,0,0,0,214,0,245,27,31,120,0,0,177,32,0,0,19,158,0,32,0,89,7,0,221,32,76,58,0,0,0,0,0,0,56,0,0,0,0,60,0,63,0,61,23,0,0,0,208,63,31,0,0,0,0,0,37,0,0,0,43,0,49,0,19,0,9,20,0,0,0,0,0,38,0,0,0,50,13,11,0,0,35,0,78,0,0,5,43,0,0,0,0,0,0,0,0,0,0,0,29,0,2,13,0,7,34,0,0,0,0,5,0,0,6,0,0,0,0,0,0,0,0,0,0,20,8,12,0,10,0,0,0,31,10,0,8,0,0,0,0,0,0,0,2,0,0,4,0,0,0,0,4,0,17,0,0,0,0,14,0,0,0,0,0,0,12,5,0,0,0,0,9,0,0,0,7,0,0,0,0,0,4,0,7,0,0,0,0,0,8,0,0,0,0,0
"165-59",5139,0,3631,3511,0,2644,0,2114,5386,328,0,4618,0,435,0,3427,834,0,218,820,0,0,816,759,1295,0,0,363,52,468,410,383,127,118,6,131,1635,0,0,498,0,100,0,1549,0,0,451,0,307,0,99,0,35,231,0,0,12,0,0,0,323,23,0,0,0,311,0,213,76,38,134,0,0,304,53,0,0,0,220,0,23,0,32,9,0,262,39,60,71,0,0,0,0,0,0,107,0,0,17,0,99,0,78,0,66,73,0,0,0,274,115,52,0,0,0,0,0,64,0,0,29,39,5,30,0,15,0,0,50,0,0,0,0,0,119,0,0,0,62,15,16,19,0,30,0,142,0,0,7,41,0,0,0,0,0,0,0,0,0,0,0,16,0,0,0,0,0,9,0,0,0,15,0,0,0,11,0,0,0,0,0,0,11,0,0,9,24,7,0,6,10,0,0,0,71,11,0,23,0,0,0,20,0,0,0,0,0,0,0,0,0,0,8,3,0,13,0,0,0,0,0,8,0,3,0,0,0,8,3,3,0,0,0,0,4,0,0,3,0,0,0,0,0,0,0,0,0,0,0,0,0,0,0,3,0,5,0
