Community,Diet,Sample,H14 K25ac,H14 K25me1,H14 K31ac,H14 unmod,H2A1 K5acK9ac,H2A1 K5K9ac,H2A1 unmod,H2A3 K15me1,H2A3 unmod,H2AJ K5K9ac,H2AJ unmod,H3 K18acK23ac,H3 K18K23ac,H3 K18me1,H3 K23me1,H3 K23unmod,H3 K27me1,H3 K27me1K36me1,H3 K27me2,H3 K27me3K36me1,H3 K27K36unmod,H3 K4me1,H3 K4me2,H3 K4me3,H3 K4unmod,H3 K79me1,H3 K79me2,H3 K79unmod,H3 K9acK14ac,H3 K9K14ac,H3 K9K14pr,H3 K9me1,H3 K9me1K14ac,H3 K9me2,H3 K9me2K14ac,H3 K9me3,H3 K9me3K14ac,H3 K9unmod,H4 1ac,H4 1me1,H4 1pr,H4 2ac,H4 3ac,H4 unmod
SubA,Pectin, 147_13,0.000423609,0.00287449,0.000114412,0.089449582,0.000302578,0.009962376,0.089827805,0.028177564,0.125758927,0.001814711,0.012008559,0.001094954,0.013464715,0.001085498,0.001268936,0.047845126,0.001308649,0.000431173,0.022126007,0.011157559,0.000503036,0.001840052,0.000461431,0.000192893,0.031392454,0.00711058,0.006051557,0.030446898,0.00052762,0.00508709,0.004175575,0.006240669,0.004179357,0.027610231,0.018854383,0.014977605,0.005692246,0.009625758,0.070430672,0.004311735,0.000620285,0.011138648,0.002118802,0.102687364
SubA,Pectin, 147_13_1,0.000403331,0.002845585,0.000106648,0.085120113,0.000289507,0.008687695,0.080913596,0.02598143,0.108132237,0.001592785,0.010912201,0.001209992,0.019275747,0.001088746,0.003142516,0.052457744,0.001012039,0.000366214,0.016058998,0.009105873,0.000539424,0.001665286,0.00036374,0.000156631,0.030682832,0.009872943,0.005270519,0.046766574,0.000460242,0.004637067,0.004075373,0.006235543,0.004058052,0.023556496,0.015489881,0.020537702,0.004503448,0.009006896,0.07109509,0.006557218,0.000972448,0.010301018,0.002040656,0.097987107
SubA,Pectin, 147_13_2,0.000394889,0.003043934,0.000104152,0.080294034,0.000386662,0.011728194,0.100696617,0.02862943,0.118302071,0.002392367,0.014199539,0.001411727,0.019497629,0.001122142,0.002451601,0.065485708,0.000684474,0.000329074,0.018757213,0.010234199,0.000617014,0.002698406,0.000491965,0.00020238,0.054132658,0.006614386,0.004376683,0.025503228,0.000564362,0.005857516,0.005021668,0.007420617,0.005018377,0.024351469,0.016157529,0.011731485,0.004475405,0.010431643,0.058246082,0.005873969,0.000918116,0.008873478,0.001574454,0.081116719
SubA,Pectin, 147_14,0.000283253,0.002766656,7.69E-05,0.066860845,0.000290938,0.009420902,0.087610762,0.03754747,0.126256111,0.001845535,0.013174551,0.001010049,0.015370309,0.001218646,0.00107702,0.054784173,0.00199814,0.000584072,0.026239314,0.015150733,0.00096284,0.002239674,0.000526982,0.000199814,0.036010439,0.008618352,0.006016378,0.039523652,0.000587365,0.006192039,0.005520137,0.008190179,0.005522333,0.032277649,0.020859705,0.016797552,0.006038336,0.01163752,0.068617452,0.004259771,0.000607127,0.010470474,0.00196191,0.106604073
SubA,Pectin, 147_14_1,0.000167034,0.001426089,4.29E-05,0.038606818,0.000238338,0.007932125,0.08135008,0.021667092,0.092577573,0.001679895,0.01236994,0.001441846,0.021371631,0.001246843,0.003466735,0.081941001,0.001760944,0.000577133,0.017767015,0.009966862,0.000549556,0.002147012,0.000435312,0.0001692,0.035258267,0.010222928,0.007504693,0.067167984,0.000508192,0.005731931,0.005334044,0.008391074,0.005337983,0.030727875,0.019224619,0.018298844,0.005456168,0.011463861,0.077430306,0.007091048,0.001053809,0.011503256,0.002091859,0.113062823
SubA,Pectin, 147_14_2,0.000176382,0.001305044,4.73E-05,0.044049804,0.00040577,0.012821966,0.128128267,0.030706917,0.115150939,0.002426578,0.017181251,0.001628563,0.028586678,0.001694364,0.003582474,0.089744621,0.001078398,0.000550166,0.024309643,0.011204369,0.00038932,0.004039422,0.000668972,0.000257719,0.071649473,0.010911922,0.009047574,0.051360974,0.000837129,0.008499236,0.004483575,0.006982168,0.004478092,0.036738633,0.023395746,0.020654057,0.006506942,0.016249077,0.065798709,0.008225067,0.001343428,0.010168011,0.001791237,0.096690233
SubA,Assorted Fiber, 147_16,0.000503455,0.004315327,0.00013825,0.113477127,0.00022176,0.008418884,0.077715849,0.032165172,0.157629319,0.00225356,0.016422218,0.000871057,0.012686263,0.000936985,0.000924998,0.049546351,0.001014901,0.000275701,0.028569065,0.014664122,0.000537418,0.002437361,0.000319654,0.000135653,0.027969714,0.006153337,0.004734873,0.027370363,0.000549405,0.005893618,0.004601018,0.00709232,0.004595025,0.02337469,0.013845009,0.012226761,0.004095565,0.011587453,0.068000369,0.003616085,0.000431533,0.01011305,0.001824624,0.104287078
SubA,Assorted Fiber, 147_16_1,0.00041193,0.003295444,0.000107384,0.086963104,0.000211951,0.008002718,0.08485064,0.022427327,0.112312673,0.001538226,0.012252292,0.001235791,0.017322205,0.001246354,0.003221508,0.071823778,0.000609094,0.000422493,0.012322707,0.007428832,0.000207374,0.001464642,0.000329896,0.000130621,0.029011173,0.010843982,0.006302184,0.058092762,0.000387285,0.004207324,0.003707022,0.006513431,0.003696812,0.022990651,0.013731016,0.014329548,0.004224928,0.009083595,0.056786555,0.005703653,0.00068303,0.007992156,0.001497385,0.081329867
SubA,Assorted Fiber, 147_16_2,0.000452842,0.003140676,0.000121001,0.099089545,0.000287287,0.010583348,0.111262708,0.022349927,0.142669467,0.002341873,0.018016281,0.001134539,0.015995536,0.001171058,0.002799827,0.058918108,0.000297025,0.000255636,0.016214653,0.009154218,0.000148269,0.002653749,0.000406584,0.000159712,0.045284165,0.007936902,0.006135274,0.048205725,0.000542923,0.005504704,0.004416423,0.007376937,0.004406685,0.025076715,0.015167761,0.01451041,0.004163222,0.011418427,0.040804442,0.006743932,0.000903249,0.005721386,0.000877685,0.059405034
SubA,Assorted Fiber, 147_17,0.000440279,0.003716924,0.000118145,0.109516521,0.000256645,0.009511344,0.086064498,0.036505507,0.157526794,0.002171525,0.014602203,0.000867282,0.014292459,0.000951356,0.00099118,0.050443973,0.00136066,0.000433641,0.025443232,0.013805719,0.000530989,0.00209077,0.000373905,0.000125004,0.028540669,0.005265643,0.00491165,0.029425651,0.000553114,0.006194874,0.004789965,0.007323226,0.004778903,0.025664478,0.016018174,0.014336708,0.005088646,0.011549015,0.077851866,0.0036948,0.000493377,0.011672912,0.002066875,0.113277695
SubA,Assorted Fiber, 147_17_1,0.000265727,0.002749925,6.89E-05,0.072268929,0.000268692,0.009999055,0.100805891,0.024867924,0.111182968,0.001795605,0.013897871,0.001389787,0.022162472,0.000952467,0.003543031,0.080422347,0.001082181,0.000544797,0.016418018,0.010265894,0.000441026,0.001493558,0.000312795,0.000124154,0.029278182,0.008746394,0.004817929,0.040396478,0.000422495,0.004525147,0.003982945,0.006596856,0.004002587,0.021828923,0.013527261,0.013453139,0.004558502,0.009635857,0.084491644,0.009339369,0.001341608,0.012000348,0.002088757,0.115630287
SubA,Assorted Fiber, 147_17_2,0.000239561,0.002455261,6.28E-05,0.071899574,0.000286342,0.01175197,0.089795975,0.023767676,0.128100551,0.002303298,0.015510214,0.00133752,0.019937218,0.001161696,0.004301416,0.071899574,0.000351649,0.000275353,0.020376779,0.012244906,0.001808478,0.002131869,0.000414443,0.000133438,0.046781819,0.008540037,0.004992154,0.045525931,0.00045212,0.006087916,0.003838935,0.006656205,0.003830458,0.02662482,0.016703307,0.0156672,0.004521196,0.011083209,0.076505543,0.010204088,0.001356359,0.011098908,0.001346312,0.087284199
SubA,Inulin, 147_22,0.000451276,0.003370975,0.000119434,0.088986482,0.000288164,0.010051304,0.092611186,0.028997632,0.138282456,0.001819783,0.013121428,0.001013105,0.013701381,0.001127283,0.000811934,0.049658444,0.001143594,0.000570891,0.021385753,0.012088388,0.00043134,0.001767043,0.000458525,0.000167099,0.03207863,0.005944514,0.005799526,0.03171616,0.000520145,0.005998885,0.004534505,0.006506344,0.00453088,0.027728985,0.01848599,0.014915657,0.005527674,0.011109718,0.089058976,0.004277151,0.000541893,0.013525583,0.002484735,0.127045874
SubA,Inulin, 147_22_1,0.000374933,0.002895316,9.64E-05,0.088942435,0.000235375,0.008190203,0.076028077,0.023537459,0.116854112,0.001449533,0.011414626,0.001356008,0.020996247,0.001051895,0.003145271,0.076861261,0.000991489,0.000345772,0.016913643,0.011581263,0.000522823,0.001868416,0.000306195,0.000107689,0.032285896,0.007373682,0.004186752,0.032285896,0.000377016,0.004769981,0.004074897,0.00641552,0.004061774,0.021037906,0.013580906,0.011810389,0.003874307,0.009248347,0.067779551,0.007394512,0.001022734,0.009644109,0.001698863,0.09456643
SubA,Inulin, 147_22_2,2.80E-07,0.003527913,2.80E-07,0.001150772,0.000492788,0.017482767,0.183675452,0.024751387,0.128796811,0.003076564,0.022483443,0.001691158,0.025815361,0.001422365,0.004787881,0.096597608,0.001181571,0.000428389,0.024079404,0.010471741,0.000716782,0.002595536,0.000713982,0.000228754,0.070558253,0.009323769,0.005683859,0.042558946,0.000456389,0.005308669,0.005373067,0.008119799,0.005375867,0.035839113,0.023575416,0.019543516,0.006747833,0.010051751,0.067206736,0.007111824,0.001080773,0.009651361,0.001702358,0.097997574
SubA,Inulin, 147_24,0.000441908,0.003669826,0.000118352,0.08517054,0.000267591,0.009174564,0.085935087,0.027523693,0.126608989,0.001805248,0.012706772,0.000920515,0.013517192,0.001136117,0.000671272,0.047249007,0.001605549,0.000588701,0.024618415,0.012431535,0.000740082,0.001804331,0.000425088,0.000183491,0.03104061,0.006391613,0.005978758,0.028594059,0.000542828,0.006192831,0.005026132,0.007033833,0.005030719,0.030581881,0.020031132,0.016972944,0.005672939,0.011101223,0.085766887,0.004342627,0.000579527,0.013044702,0.002487836,0.119422247
SubA,Inulin, 147_24_1,0.000533431,0.003342381,0.000138422,0.104660428,0.000306385,0.009710631,0.103816392,0.029119232,0.124917285,0.001937906,0.015277046,0.001282934,0.020265297,0.001367338,0.003376143,0.067776067,0.000979081,0.000532587,0.021944928,0.012154114,0.000491229,0.00282752,0.000510642,0.000183156,0.05933571,0.008212467,0.004540912,0.029288039,0.000501357,0.005840727,0.004903003,0.007376872,0.004903847,0.031651339,0.020425664,0.017640346,0.005519994,0.011647693,0.059707086,0.00567192,0.000797614,0.00873577,0.001655154,0.086935678
SubA,Cellulose, 147_32,0.000360282,0.002762166,9.80E-05,0.078872647,0.000239215,0.008737661,0.083741329,0.030120912,0.166184343,0.001998107,0.014768335,0.001041898,0.014346383,0.001321036,0.001012686,0.055178395,0.001421655,0.000477131,0.02372671,0.011133053,0.000655649,0.002424604,0.000386249,0.000135349,0.03077007,0.003343162,0.004771308,0.025089941,0.000593979,0.006335778,0.005095562,0.007400397,0.005095887,0.025641725,0.016326313,0.01454113,0.004673935,0.011912042,0.07791514,0.004154609,0.000525818,0.011464123,0.002010766,0.11847126
SubA,Cellulose, 147_32_1,0.000251252,0.002233348,6.46E-05,0.058656745,0.000269758,0.008923981,0.085632574,0.021549296,0.130487731,0.001937297,0.01308014,0.001339381,0.018287103,0.001163725,0.003607233,0.065871211,0.001050803,0.000426595,0.017157882,0.009692478,0.000661849,0.002126699,0.000401501,0.000131742,0.03230826,0.006994895,0.004767821,0.027634541,0.000533243,0.004695676,0.004743355,0.006932161,0.004736454,0.021862968,0.015965927,0.012546897,0.004987392,0.009033766,0.068383727,0.008218218,0.001119811,0.009858725,0.001864469,0.101002523
SubA,Cellulose, 147_32_2,0.000258793,0.001870908,6.81E-05,0.06410471,0.000413119,0.012709352,0.126310021,0.018210486,0.131058518,0.001848352,0.01260726,0.001365193,0.016358572,0.001030424,0.002492961,0.05626969,0.000660041,0.000334769,0.017332014,0.009378282,0.00061493,0.002070345,0.000576942,0.00021297,0.052945742,0.005721939,0.00410745,0.028965832,0.000531832,0.00472238,0.003567546,0.005247089,0.003561373,0.02350506,0.017237044,0.013889354,0.005270832,0.008950917,0.053271014,0.005816909,0.000762134,0.007312685,0.001351897,0.074076554
SubA,Cellulose, 147_33,0.000466841,0.003566396,0.000123522,0.091430537,0.000360878,0.009117017,0.076898531,0.035482314,0.155008062,0.002168902,0.013684305,0.000950635,0.010354054,0.000805315,0.000756875,0.034997914,0.00078715,0.000325759,0.033726364,0.014834756,0.000448676,0.002742916,0.000543134,0.00021798,0.028034661,0.004553362,0.003978137,0.017983357,0.00075082,0.005812802,0.003677808,0.004571527,0.003675386,0.02403836,0.019739308,0.012473305,0.006115552,0.008900854,0.047404614,0.002730806,0.000391759,0.008075557,0.001836482,0.064788526
SubA,Cellulose, 147_33_1,0.000392885,0.002320906,0.000102393,0.109825887,0.000412606,0.014471533,0.15624401,0.037619917,0.185065721,0.0041928,0.02927679,1.64E-05,2.22E-05,1.99E-06,7.75E-06,0.000128332,0.000791839,0.000107247,0.037923304,0.011680377,0.00084038,0.004854183,0.000688687,0.000222989,0.098448896,4.38E-05,1.52E-07,0.000185066,0.001316697,0.013166971,0.006715459,0.01051234,0.006720009,0.04201902,0.026546312,0.024422607,0.00782737,0.026546312,0.043805966,0.004581135,0.000690204,0.006110203,0.000911069,0.070689038
SubA,Pectin, 147_42,0.000580898,0.004719793,0.000158839,0.12217003,0.000279557,0.011342026,0.101294022,0.03231243,0.15793154,0.002052747,0.0145769,0.000898576,0.012053626,0.000824148,0.000860455,0.043567321,0.000958481,0.000334016,0.029044881,0.014195686,0.000488317,0.002614039,0.000473795,0.000176811,0.041207425,0.005482221,0.004556416,0.024143557,0.000586344,0.005881588,0.004698009,0.005881588,0.00470164,0.024869679,0.018516112,0.013197268,0.005209926,0.01005679,0.058289445,0.003594304,0.00044475,0.008983945,0.001894997,0.08277791
SubA,Pectin, 147_42_1,0.000741524,0.00598923,0.00019293,0.155686439,0.000174476,0.008022549,0.075662267,0.026674724,0.13068937,0.001697284,0.011844248,0.001219656,0.017598607,0.001097187,0.002432601,0.064757506,0.000494908,0.000260037,0.018286446,0.009982051,0.000520073,0.001761538,0.00032882,0.000110558,0.024493772,0.004630329,0.003338535,0.021641757,0.000394249,0.003892161,0.004502828,0.006425421,0.004512894,0.021306226,0.014411062,0.010116263,0.003539853,0.007432014,0.048920437,0.004848425,0.000716359,0.006573055,0.001272166,0.065596334
SubA,Pectin, 147_44,0.000400781,0.003199368,0.000108022,0.092196844,0.000251133,0.008400921,0.078436121,0.039562079,0.169772921,0.002153553,0.015016389,0.000903047,0.012849075,0.000861765,0.001235025,0.044206323,0.001455196,0.000493666,0.031133636,0.015738827,0.000884126,0.002683341,0.000435183,0.000166849,0.035605871,0.004781851,0.005452687,0.02683341,0.000679436,0.007275982,0.00552493,0.007654402,0.00552149,0.024941311,0.017372913,0.013072687,0.004919458,0.012642664,0.068163742,0.004936659,0.00057623,0.011321635,0.002053788,0.095120998
SubA,Pectin, 147_44_1,0.000820117,0.006617499,0.000209271,0.190418051,0.000409116,0.012158475,0.107840718,0.059576341,0.263945813,0.002286336,0.013593209,0.001016191,0.014950645,0.000897416,0.002356659,0.047698779,0.000446823,0.000151203,0.0060519,0.003299323,0.000207386,0.004751025,0.000831429,0.000269602,0.06787178,0.000108218,0.000135178,0.000422313,0.000769214,0.007710988,0.006579792,0.009502049,0.006579792,0.023755123,0.016515467,0.012612839,0.004694465,0.014969498,0.028304418,0.002413219,1.89E-07,0.004306087,0.000778263,0.040534536
SubA,Assorted Fiber, 147_52,0.000622085,0.004887809,0.000168852,0.129749123,0.000319041,0.010650981,0.091979687,0.045323324,0.220395771,0.002037328,0.012752739,0.000866475,0.0114197,0.000684293,0.000915353,0.037058483,2.00E-05,0.00286159,0.016662987,4.44E-07,0.000143524,0.003177076,0.00057765,0.000243057,0.05421025,0.003732509,0.00297712,0.017862722,0.00067985,0.00640303,0.004658082,0.006398587,0.004665636,0.019951149,0.01564099,0.010353269,0.004376811,0.0102644,0.051290895,0.003368145,0.000386581,0.008503011,0.001688072,0.070651064
SubA,Assorted Fiber, 147_52_1,0.000429431,0.004103964,0.000112348,0.084493376,0.000336581,0.009879226,0.08913587,0.025997962,0.129061311,0.001726079,0.011931208,0.001388105,0.019730596,0.001309183,0.003486512,0.064994905,4.64E-07,0.000394148,0.017548624,0.010213485,0.001894137,0.001852355,0.000395076,0.000132311,0.030176206,0.008310063,0.005013893,0.035840048,0.000435002,0.004303591,0.004573784,0.005942391,0.004572856,0.017966449,0.014345304,0.011049134,0.004521788,0.007567264,0.056322728,0.006453066,0.000965639,0.009201422,0.00176879,0.071958645
SubA,Assorted Fiber, 147_52_2,0.000410057,0.003566371,0.000107217,0.08464489,0.000425105,0.013253509,0.120383844,0.026371586,0.138065221,0.002271493,0.013768902,0.000940499,0.011436465,0.000996929,0.002050287,0.037507091,0.000165152,0.000379962,0.020126674,3.76E-07,0.000172299,0.002795162,0.000594395,0.000185843,0.045520141,0.005116313,0.003464798,0.025694427,0.000553013,0.005191553,0.004788644,0.006132052,0.004777734,0.017606137,0.014069862,0.010270247,0.004213435,0.009028788,0.068618791,0.007034931,0.001139885,0.011240841,0.002061573,0.09254508
SubA,Assorted Fiber, 147_53,0.00049866,0.004133967,0.000135129,0.111100374,0.000229694,0.008880279,0.081129111,0.030229637,0.165358697,0.002174725,0.015037306,0.000754449,0.01012822,0.000821626,0.00045732,0.037722453,0.001030908,0.000297129,0.024726293,0.01175597,0.000351387,0.002178084,0.00034622,0.00012221,0.037722453,0.003643059,0.00382392,0.018318643,0.000508995,0.005027938,0.004169881,0.005658368,0.004159805,0.019481321,0.012815299,0.010154057,0.003668896,0.009094728,0.082800784,0.004909086,0.000687272,0.012908313,0.002550916,0.116267834
SubA,Assorted Fiber, 147_53_1,0.000498179,0.004270102,0.000126378,0.108909157,0.000329962,0.014475213,0.125083785,0.030192638,0.13845481,0.002186163,0.012292717,0.00084755,0.013888613,0.000951068,0.002372279,0.046367265,7.68E-05,0.000265264,0.020681957,0.010351761,0.000668551,0.001915076,0.000418384,0.000123574,0.032780578,0.002393845,0.002156617,0.01317693,0.000388191,0.005089616,0.003545478,0.006060094,0.003536852,0.020444729,0.012918136,0.015462944,0.003364322,0.00793635,0.109556142,0.009985137,0.001222802,0.015879171,0.002512459,0.122495844
SubA,Cellulose, 147_6,0.000447548,0.00385081,0.000122562,0.087770001,0.000342382,0.010488911,0.095677209,0.032103262,0.13995757,0.002024245,0.013758541,0.000869793,0.010880317,0.000838164,0.000763046,0.038666244,0.000917236,0.000294939,0.032498622,0.01296782,0.000540062,0.002506585,0.000498154,0.000191354,0.034159136,0.004831304,0.004704788,0.021982036,0.000664205,0.006049014,0.004559296,0.005637839,0.004554551,0.028940379,0.022456469,0.014153901,0.006325766,0.009646793,0.061019919,0.004301521,0.00066895,0.009959128,0.002206111,0.08618856
SubA,Cellulose, 147_8,0.000294902,0.002425433,7.93E-05,0.067219152,0.000489707,0.012196465,0.1054871,0.03056816,0.141676105,0.002102812,0.012704651,0.001493759,0.01600786,0.001031772,0.001193467,0.050664607,0.000599044,0.000307992,0.026102282,0.011934672,0.000314151,0.002502431,0.000756119,0.000304912,0.038729935,0.005543848,0.006321526,0.024254333,0.000800778,0.006275327,0.004254903,0.005235856,0.004257983,0.030491162,0.025409301,0.015938562,0.008084778,0.009855729,0.057579017,0.003426406,0.000526666,0.010035134,0.002446223,0.080847777
SubA,Inulin, 147_G_1,0.000345732,0.002341497,9.31E-05,0.086143948,0.000488534,0.015257307,0.153787183,0.044054825,0.180960106,0.002561193,0.018038196,0.001266143,0.01601468,0.000936599,0.002780889,0.054577105,0.00125458,0.000493738,0.015899051,0.002642133,0.000763154,0.003879368,0.00074581,0.000263635,0.080362475,0.001196765,0.001208328,0.006417435,0.000930817,0.007625763,0.005764129,0.008325321,0.005764129,0.03434195,0.022432115,0.019772638,0.00635962,0.015147459,0.05243796,0.005174418,0.001023321,0.008654287,0.001740223,0.078049886
SubA,Inulin, 147_H,0.000555258,0.00356115,0.000144555,0.128857405,0.000342058,0.012719397,0.131903125,0.038891508,0.182274657,0.001849455,0.017430893,0.000866859,0.013166884,0.000981659,0.003303435,0.045685807,0.000962916,0.000220229,0.018391466,0.010472593,0.000550573,0.002483434,0.000435772,0.00012628,0.043811518,0.000463887,0.002307719,0.00356115,0.000543544,0.005046525,0.003784659,0.005646297,0.003772008,0.017922894,0.011667452,0.010496021,0.003326864,0.010542879,0.071155059,0.006911443,0.001007431,0.010903679,0.001632975,0.096994483
SubB,Cellulose, 165_10,0.000378344,0.003900829,9.93E-05,0.095714777,0.000302495,0.009108254,0.088671614,0.040182147,0.169758284,0.001634375,0.011558011,0.001047445,0.013986999,0.001110653,0.000632079,0.054449067,0.001354454,0.000522819,0.020858598,0.015260186,0.000603184,0.001860117,0.000357576,0.000130028,0.029436809,0.005607441,0.003783443,0.02582493,0.000558938,0.005580352,0.005061145,0.00682645,0.005065659,0.02167127,0.015260186,0.010293853,0.004072393,0.009571478,0.0911909,0.003449344,0.000473156,0.014256084,0.002883182,0.130027622
SubB,Cellulose, 165_10_1,0.000393633,0.005030095,0.000103815,0.126679299,0.000346051,0.01195729,0.113084447,0.030650211,0.174261279,0.003012415,0.019465356,0.001551049,0.01952715,0.001118486,0.00354702,0.07291784,6.18E-07,6.18E-07,0.006735631,0.003466687,0.000315771,0.003151534,0.000606825,7.29E-06,0.04214404,0.002885816,0.0018971,0.017055359,0.000594466,0.005876684,0.004737806,0.006550247,0.00473966,0.026695345,0.019094587,0.014954337,0.005635684,0.00982537,0.051981769,0.004714942,0.000367679,0.008003042,0.001426224,0.057469145
SubB,Pectin, 165_13,0.000399305,0.003147334,0.000106517,0.081894909,0.000499398,0.010839032,0.098487995,0.030723972,0.15843721,0.001823098,0.012792734,0.001236453,0.016218404,0.001043759,0.001247158,0.055131867,0.000186806,0.000310451,0.017181873,5.35E-07,0.000307775,0.002569252,0.000722602,0.000273518,0.035701898,0.004276734,0.004849463,0.024568473,0.00076007,0.005582771,0.005554402,0.006583708,0.005566713,0.026870094,0.02569252,0.013220943,0.007011917,0.009420591,0.077907216,0.003971635,0.000530443,0.012776676,0.002553194,0.10812269
SubB,Pectin, 165_13_1,0.00017069,0.001586437,4.41E-05,0.04386566,0.000252284,0.010366387,0.10682311,0.02261468,0.117732704,0.001495751,0.011818727,0.001072777,0.017659906,0.000909133,0.003022867,0.063866583,0.000940953,0.000302287,0.014977964,0.008818589,0.000490932,0.001381882,0.000363653,9.20E-05,0.02477387,0.008636762,0.005045687,0.041365545,0.000356835,0.003720626,0.003149236,0.004704763,0.003159237,0.01854631,0.013091513,0.012636947,0.003568346,0.007068508,0.090117794,0.008704947,0.00152507,0.014018829,0.002306925,0.117732704
SubB,Pectin, 165_13_2,0.000189076,0.00187708,4.98E-05,0.053357237,0.000418649,0.016584524,0.155420056,0.027636313,0.14283322,0.002152622,0.015213653,0.001365398,0.019536958,0.00151042,0.002602191,0.066764953,0.001212167,0.000415913,0.022273226,0.012586835,0.000727847,0.001964641,0.000514418,0.000151042,0.035297865,0.011601779,0.005554625,0.045148432,0.000394023,0.004503898,0.004386239,0.006348143,0.00437803,0.021616522,0.014967389,0.016362886,0.003994952,0.008509795,0.098571339,0.008646609,0.001691014,0.014474861,0.003004423,0.125321101
SubB,Pectin, 165_14,0.000865254,0.006412834,0.000233542,0.164627969,0.000773369,0.008369227,0.067574039,0.028905609,0.166159392,0.001500603,0.008690825,0.004555983,0.020540211,0.000120791,0.001542909,0.054748371,5.36E-05,0.000145102,0.011753671,1.91E-06,0.000522598,0.005072839,0.001581194,0.00050537,0.036562723,0.002201421,0.009111967,0.013074524,0.00199085,0.006470262,0.010566819,0.00549398,0.010566819,0.022014205,0.058768357,0.01064339,0.016462797,0.008116542,0.038264517,0.00199085,1.20E-05,0.006678918,0.001445089,0.05034553
SubB,Pectin, 165_14_1,5.49E-07,0.009545789,5.49E-07,0.018104082,0.000193659,0.009896898,0.116853622,0.019036717,0.079548241,0.001606874,0.013770075,0.000982009,0.014592988,5.49E-07,0.002562002,0.049155327,5.49E-07,0.001294716,0.014373544,0.009984676,0.001256314,0.000691247,0.000128374,4.41E-05,0.024632524,0.013111744,0.007515937,0.059249724,0.000306124,0.002386447,0.002407843,0.003862204,0.002408392,0.016513118,0.010752728,0.008887459,0.002408392,0.005486086,0.091727351,0.010094397,0.001327633,0.012722232,0.001934394,0.132214662
SubB,Pectin, 165_14_2,5.59E-07,0.007329305,5.59E-07,0.023442587,0.000180715,0.010026042,0.105183922,0.023106894,0.105183922,0.00269282,0.020197551,0.000895182,0.012286377,0.000693766,0.002098084,0.045989992,1.14E-05,5.59E-07,0.022211711,0.012700399,0.000772095,0.001085409,9.74E-05,0.00012029,0.042577109,0.012084961,0.006881714,0.062103273,0.000539347,0.004319255,0.00263855,0.003715007,0.002640788,0.020980836,0.014322917,0.03289795,0.003866069,0.008728028,0.069947308,0.006154378,0.000839233,0.009796652,0.001570485,0.105743411
SubB,Assorted Fiber, 165_17_1,0.000307928,0.002578434,7.83E-05,0.083474478,0.000214437,0.008443907,0.086071462,0.022074362,0.09126543,0.001719437,0.013022019,0.001105573,0.016731995,0.000656666,0.003405759,0.06084362,0.000916364,0.000645536,0.017770789,0.010016937,0.000382128,0.001513671,0.000307928,0.000102766,0.028418422,0.008941044,0.005156868,0.039696752,0.00036803,0.003713687,0.003066667,0.005119768,0.003068151,0.02244536,0.014172111,0.013912413,0.004118074,0.007790951,0.076035975,0.008978144,0.00161755,0.011556578,0.001489927,0.099798376
SubB,Assorted Fiber, 165_17_2,0.000294289,0.003196957,7.59E-05,0.089274845,0.000384623,0.013299482,0.137970215,0.024771123,0.108329555,0.002203642,0.015243768,0.001189155,0.016337649,0.000875105,0.002611201,0.05222402,0.00046931,3.53E-07,0.023959533,0.011256393,0.000603399,0.002286565,0.000381094,0.000115387,0.049753965,0.008786338,0.003916801,0.033098737,0.000561055,0.005684655,0.003755895,0.006069278,0.003740369,0.023677241,0.015173195,0.023641955,0.004199093,0.011150534,0.075403722,0.005857559,0.000952735,0.009767303,0.001629883,0.07269019
SubB,Assorted Fiber, 165_18,0.000377105,0.000878517,0.000106378,0.093230397,0.000409377,0.010315107,0.069922798,0.045001596,0.259371747,0.001636911,0.002623599,0.001416385,0.017271529,5.98E-06,0.001816797,0.049961931,0.000567749,0.000160165,0.004769093,5.98E-06,0.000114745,0.002850699,0.00100402,0.00019423,0.04314894,0.010578064,0.006753228,0.034602821,0.000669346,0.003986197,0.004766105,0.005103767,0.004769093,0.019303473,0.019901104,0.009143751,0.005342819,0.005067909,0.033933474,0.001255025,5.98E-06,0.005515534,0.001023144,0.041415811
SubB,Assorted Fiber, 165_18_1,7.35E-05,0.001063868,1.85E-05,0.034715682,0.000275112,0.010168335,0.100787464,0.030833498,0.122064817,0.001771246,0.012430454,0.001179587,0.020045507,0.000623389,0.003598486,0.068311503,0.001634997,0.000574862,0.021277353,0.012878398,0.000705512,0.002071742,0.000373287,0.000135503,0.032961233,0.008697585,0.005263345,0.044794428,0.000399417,0.004270402,0.003990437,0.006383206,0.00399417,0.023255774,0.015043462,0.013177028,0.0045541,0.009556145,0.085874652,0.009556145,0.001687257,0.012859734,0.001893684,0.110119636
SubB,Assorted Fiber, 165_18_2,9.76E-05,0.000993005,2.49E-05,0.035585518,0.000279601,0.010950172,0.097267083,0.033009804,0.136241698,0.001961609,0.013861407,0.000979449,0.015759301,0.00116246,0.002873954,0.050158635,0.002091073,0.000823551,0.021114074,0.012268531,0.001043842,0.001979233,6.44E-05,0.000143698,0.030129072,0.006168156,0.004405826,0.035924428,0.000565979,0.0059682,0.004871488,0.007557686,0.0048803,0.02060571,0.012607441,0.014810354,0.003660225,0.011556821,0.097253527,0.008811652,0.001664047,0.014288433,0.002306619,0.130141324
SubB,Inulin, 165_27_1,0.000555836,0.004833356,0.000140772,0.120833911,0.000226564,0.00915619,0.090625433,0.02619075,0.132917302,0.001553018,0.012657352,0.001238548,0.012687561,0.001160006,0.003353141,0.066156566,0.001117714,0.000326252,0.003625017,0.000329272,0.000513544,0.00146209,0.00027671,9.27E-05,0.026523043,0.006676074,0.00516565,0.036552258,0.000386669,0.004056999,0.003754008,0.005286484,0.00377606,0.018427171,0.012264642,0.010391716,0.002597929,0.007703162,0.077303495,0.00833754,0.001347298,0.011835682,0.001622799,0.109958859
SubB,Inulin, 165_27_2,0.000520489,0.004384416,0.000136148,0.127430114,0.000292294,0.010422604,0.109738609,0.026409058,0.14307043,0.001876325,0.013896805,0.001056362,0.010922581,0.00116405,0.001994781,0.052305318,0.00102303,0.000469209,0.001879402,9.44E-05,0.000451262,0.001905042,0.000284602,8.00E-05,0.031280632,0.00561513,0.004128018,0.033331821,0.000464082,0.004417748,0.003959051,0.005871528,0.003948539,0.017281267,0.011512298,0.014204484,0.001981961,0.009102151,0.082747527,0.00738428,0.001205074,0.012250726,0.002158107,0.112815393
SubB,Cellulose, 165_36_1,0.000383566,0.002818762,9.69E-05,0.096337452,0.000167699,0.010204634,0.099905506,0.025927858,0.133207341,0.0018429,0.016650918,0.001248819,0.018970153,0.001028789,0.002806869,0.072550427,0.000553048,0.000395459,0.017661866,0.010466291,0.000361563,0.002295448,0.000306258,7.85E-05,0.034074914,0.006481964,0.004668204,0.039426994,0.000421625,0.004537375,0.003896315,0.005881342,0.003895125,0.024916909,0.015223696,0.014688488,0.00418057,0.009931083,0.073412707,0.007492913,0.001260712,0.010020284,0.001759645,0.098121479
SubB,Cellulose, 165_36_2,0.000367861,0.00385246,9.60E-05,0.113348567,0.000299713,0.011967662,0.010361311,0.025312195,0.136991826,0.002448468,0.018358296,0.001147393,0.016981423,0.00126561,0.002364326,0.066896516,0.000326833,0.000675919,0.021418011,0.012377942,0.000286501,0.002802422,0.000420711,0.000115435,0.054727192,0.008066524,0.005013762,0.041306165,0.000510416,0.005882999,0.004374003,0.006460173,0.004374003,0.029971308,0.017871523,0.024894961,0.005229333,0.012099786,0.078252235,0.006140294,0.00110567,0.010036564,0.001426245,0.102917717
SubB,Cellulose, 165_37,0.000308082,0.002254016,8.30E-05,0.061714767,0.000539389,0.01000921,0.071557632,0.031103455,0.140752977,0.001625057,0.008838893,0.001988259,0.014321369,0.000742152,0.001013815,0.04025732,0.000423243,0.000272647,0.02194959,0.017323443,0.000448835,0.002352445,0.001013815,0.000380919,0.035040601,0.005216719,0.007736492,0.026477308,0.00133863,0.007510106,0.005144866,0.005167504,0.005147819,0.028938025,0.038584033,0.01466587,0.010827152,0.009793651,0.046655183,0.002421345,0.000355327,0.008778852,0.002301262,0.059057193
SubB,Pectin, 165_47_1,0.000106638,0.000867014,2.69E-05,0.026891349,0.000188008,0.010436625,0.10478353,0.024341307,0.123097466,0.001537211,0.012054742,0.000758058,0.013538403,0.001066381,0.002735499,0.063055576,0.001101154,0.00033846,0.018963037,0.009829252,0.000222781,0.001606526,0.000255004,9.83E-05,0.02828228,0.008670142,0.00475235,0.041264311,0.000414961,0.003813471,0.003279354,0.00475235,0.00326869,0.020748066,0.013862954,0.011683827,0.003732334,0.007325574,0.07364984,0.007047388,0.001268066,0.011521552,0.001744692,0.105478996
SubB,Pectin, 165_47_2,3.85E-05,0.00065863,1.02E-05,0.024289912,0.000364349,0.015017705,0.126120699,0.025691254,0.102531457,0.001793483,0.012168312,0.000948241,0.013779854,0.001121073,0.001863784,0.049046939,0.000901529,0.000355006,0.021674076,0.011280796,0.000618926,0.001959542,2.34E-07,8.97E-05,0.031296618,0.009669254,0.005558653,0.044842915,0.000373691,0.004505312,0.003620131,0.005348452,0.003620131,0.023215551,0.014573947,0.018100656,0.004204023,0.007310329,0.093329317,0.00714684,0.000920214,0.013593009,0.001721314,0.110705947
SubB,Pectin, 165_49,0.000642411,0.005896102,0.000159576,0.161042783,0.000175123,0.008339611,0.085654813,0.023672409,0.120268745,0.001496613,0.011586867,0.000630678,0.002956851,0.000818414,0.002202971,0.048400836,0.000671745,0.000387207,0.01328823,0.007773468,0.000253444,0.00113522,0.000202697,5.05E-05,0.022645725,0.00657078,0.003608062,0.029627179,0.000299205,0.002945118,0.002582551,0.00404807,0.002584311,0.015312265,0.009445497,0.010208176,0.002563778,0.006482779,0.064534448,0.006248108,0.00097975,0.009460163,0.001152233,0.096508334
SubB,Pectin, 165_49_1,0.000601233,0.004524431,0.000153648,0.139680411,0.000252032,0.011420392,0.115388166,0.023077633,0.097776288,0.001583854,0.010445666,0.000844156,0.010901145,0.001044567,0.001673128,0.041296817,0.00028847,0.000187961,0.013239274,0.007409135,0.00044637,0.001074932,3.04E-07,6.22E-05,0.032794531,0.008563017,0.003886759,0.040993164,0.000242315,0.003243015,0.002721339,0.004342239,0.002720731,0.017308225,0.009807994,0.019039047,0.002723768,0.006558906,0.07413386,0.0059516,0.000774315,0.010053953,0.001276861,0.082593634
SubB,Assorted Fiber, 165_57_1,0.000155139,0.001605038,3.96E-05,0.04448505,0.000183976,0.004888885,0.092993873,0.028613499,0.142396868,0.001722622,0.013882018,0.00057227,0.00874053,0.000976883,0.002906059,0.058121171,0.00122278,0.000487324,0.019627072,0.010953605,0.000335314,0.001835288,0.000248133,7.02E-05,0.031072472,0.007488689,0.004649694,0.042026077,0.000382258,0.004204843,0.003925191,0.005432094,0.003934356,0.019023506,0.012898429,0.010841834,0.003397853,0.007801649,0.071600811,0.007801649,0.001251841,0.009160791,0.001696691,0.097241189
SubB,Assorted Fiber, 165_57_2,0.000130392,0.001127172,3.33E-05,0.044019721,0.000246777,0.009220798,0.097710441,0.031880949,0.141396679,0.001582709,0.011838637,0.001077149,0.012472254,0.00105714,0.00261117,0.053357237,0.001103828,0.000446867,0.019108561,0.010271268,0.000606939,0.00164407,0.000306471,0.00014173,0.031047242,0.009904437,0.004802151,0.05002241,0.000416853,0.0045387,0.003197766,0.004668758,0.003198099,0.01834155,0.012105423,0.012705692,0.003298144,0.008737248,0.070618304,0.006703003,0.001047136,0.009854415,0.001732776,0.095042579
SubB,Assorted Fiber, 165_58_1,0.000243989,0.002185035,6.26E-05,0.057343103,0.000187396,0.008481532,0.08620205,0.028783989,0.139797238,0.001363117,0.010793996,0.000697112,0.011393662,0.001146862,0.003331897,0.068212057,0.001308022,0.000303581,0.017127973,0.009557184,0.000584675,0.001682814,0.000302832,8.47E-05,0.030133238,0.006671289,0.004310103,0.034630737,0.000408523,0.004190169,0.004389184,0.005996664,0.004385061,0.018739576,0.013604932,0.010719038,0.003579259,0.008357851,0.088600716,0.009857017,0.001487922,0.012488054,0.00248112,0.118808913
SubB,Assorted Fiber, 165_58_2,0.000225635,0.00223146,5.81E-05,0.061385877,0.000280799,0.009294983,0.09664128,0.025840136,0.153049924,0.001567828,0.011489114,0.001310671,0.01791804,0.001281638,0.002832875,0.064289264,0.001053514,0.00043136,0.018747579,0.009124928,0.000705108,0.00192453,0.000308588,0.00011738,0.033305986,0.008129481,0.004520987,0.043136022,0.000456246,0.005168027,0.004552095,0.006345972,0.004562464,0.017793609,0.012069791,0.012608991,0.003235202,0.009207882,0.08485768,0.005806772,0.001070105,0.011978541,0.002295749,0.108669594
SubB,Cellulose, 165_8,0.000487979,0.003717935,0.000131558,0.106711892,0.000352131,0.008894445,0.077397402,0.036643112,0.173563228,0.002004825,0.013120022,0.00112968,0.015461606,0.001063544,0.000975958,0.053802813,0.00098847,0.000343194,0.031101958,0.014210378,0.000563053,0.003449815,0.000591652,0.000170703,0.033961909,0.003503439,0.005505404,0.019304664,0.00087586,0.007543119,0.00615783,0.008401104,0.006148893,0.028599502,0.020377145,0.014103129,0.005469655,0.013280894,0.056846873,0.003074446,0.000398606,0.009394936,0.001827866,0.0804361
SubB,Cellulose, 165_8_1,8.99E-05,0.001065683,2.35E-05,0.026090157,0.000160153,0.006891815,0.076263536,0.017119157,0.081882955,0.001590295,0.012884524,0.001382778,0.018724705,0.00136873,0.003311443,0.082685729,0.00134866,0.00047163,0.021072819,0.008649891,0.000521803,0.001864443,0.0003472,9.57E-05,0.03311443,0.010476202,0.006361984,0.048567831,0.000419449,0.004475465,0.003734104,0.00620143,0.003732899,0.025488077,0.016236105,0.015694233,0.004736367,0.008950931,0.086739738,0.008609752,0.001216203,0.012354693,0.00200533,0.134063269
SubB,Cellulose, 165_8_2,9.22E-05,0.000896021,2.39E-05,0.030138893,0.00026229,0.009196435,0.10377554,0.017920423,0.10491593,0.002073882,0.015949176,0.001075225,0.016112089,0.00140431,0.002850976,0.066305565,0.001645421,0.000586487,0.02443694,0.008520347,0.000558791,0.002802102,0.000413799,0.000131145,0.049525532,0.008683259,0.004871097,0.042846102,0.000549017,0.005799701,0.004445894,0.006793469,0.004447523,0.027532286,0.016617119,0.018897901,0.00465931,0.012137014,0.092681169,0.008341142,0.001257688,0.012861976,0.002332913,0.148413684
SubB,Inulin, 165_H,0.000411328,0.003087633,0.000111646,0.076389542,0.000378743,0.011650741,0.105770135,0.039637091,0.161326165,0.002205681,0.01517107,0.001175224,0.0144232,0.000827999,0.001100437,0.045780306,0.000801289,0.000349362,0.027243823,0.013782169,0.000461542,0.002906008,0.000592954,0.00022169,0.037019547,0.004551321,0.00490923,0.018376225,0.000603638,0.00621266,0.004374503,0.005272481,0.004375037,0.0274575,0.021421123,0.012820622,0.005609022,0.009775725,0.058419303,0.003637852,0.00055556,0.010750626,0.002419892,0.075321157
SubB,Inulin, 165_I,0.00060654,0.004278393,0.000163701,0.117394928,0.000409578,0.011876454,0.107612018,0.032414044,0.190440661,0.001852883,0.012522126,0.001284822,0.016826606,0.000743501,0.001408739,0.054132106,0.000607845,6.52E-07,0.015717877,0.00880462,0.000237399,0.002263113,0.000615019,0.00016957,0.034631504,0.004650144,0.004676231,0.024000741,0.000601323,0.005458864,0.004452529,0.005315381,0.004447963,0.023739863,0.019044066,0.01200037,0.005237118,0.00880462,0.056956106,0.003254448,0.000478058,0.009869652,0.002218112,0.076306703
SubB,Inulin, 165_I_1,0.000645683,0.004900275,0.000166898,0.131730924,0.000417965,0.012100797,0.114435836,0.029978153,0.153638036,0.001854898,0.013028967,0.001423962,0.017698641,0.001003115,0.003170766,0.061974067,0.000354549,0.000181887,0.007984566,0.004294947,0.000129425,0.001815984,0.000374727,9.89E-05,0.027758617,0.001225069,0.001248129,0.00593798,0.000389139,0.004609141,0.004368739,0.006110931,0.004381422,0.019024597,0.01360547,0.011270633,0.003689619,0.007408063,0.094431183,0.009915851,0.00152485,0.015251386,0.002755684,0.12308338
SubB,Inulin, 165_J,0.000407385,0.00272168,0.000108347,0.073762741,0.000622346,0.013074467,0.097945825,0.031724046,0.139551131,0.002005722,0.011181426,0.00167288,0.017690923,0.000822572,0.001161481,0.049753012,0.000540002,0.000309439,0.025049861,0.012654947,0.000369247,0.002817026,0.000979458,0.000380515,0.042818794,0.003865826,0.006786866,0.017075511,0.000936119,0.006682852,0.004928495,0.005599381,0.004931962,0.033197567,0.030943946,0.01560199,0.008243051,0.009447872,0.048536057,0.002617667,0.0005192,0.00990813,0.002376703,0.058420784
SubB,Inulin, 165_J_1,0.000453294,0.003563326,0.000117566,0.092598002,0.000375725,0.010386975,0.09938529,0.027391555,0.118535138,0.001574893,0.011950475,0.001148991,0.016362212,0.001073846,0.003320923,0.072236138,0.000693273,0.000249675,0.010326374,0.005963117,0.00030058,0.001740455,0.000412085,0.000130655,0.034178844,0.001498051,0.001447147,0.007296335,0.000385421,0.004116005,0.003268322,0.005599513,0.003272442,0.022979818,0.013744258,0.011756553,0.00385421,0.00850835,0.084671419,0.00768418,0.001175655,0.01277707,0.002454332,0.119747154
SubB,Inulin, 165_J_2,0.000430529,0.00329541,0.000111264,0.093901455,0.000442931,0.012545589,0.122071891,0.030296507,0.129513139,0.002150698,0.015095102,0.000976221,0.014953364,0.000827396,0.002303243,0.052620249,0.00041104,0.000274617,0.012632403,1.77E-07,0.00016796,0.002887913,0.000522659,0.000150951,0.042167068,0.001078981,0.001055948,0.005332894,0.000450018,0.004960832,0.003842341,0.006413647,0.003844644,0.019666154,0.01181741,0.01162252,0.003189106,0.009602753,0.098419355,0.009159821,0.001451043,0.014988798,0.002452068,0.146698877